id,value
44,42 мм
45,16
46,36 мес.
47,черный
48,32
49,2
50,[RX6500XT PGD 4GO]
51,Radeon RX 6500 XT
52,2820 МГц
53,1024
54,64 бит
55,Китай
56,64
57,129 мм
58,2.1
59,нет
60,459 г
61,6 нм
62,GDDR6
63,2 осевых
64,AMD RDNA 2
65,0
66,видеокарта
67,ASRock AMD Radeon RX 6500 XT Phantom Gaming D OC
68,4 ГБ
69,8 pin
70,"DisplayPort, HDMI"
71,18000 МГц
72,документация
73,есть
74,4
75,активное воздушное
76,7680x4320 (8K Ultra HD)
77,PCIe 4.0
78,400 Вт
79,1.4
80,240 мм
81,144 Гбайт/сек
82,PCIe x16
83,Infinity Cache - 16 Мб
84,2365 МГц
85,36 мм
86,белый
87,[11314-04-20G]
88,2825 МГц
89,110 мм
90,1 осевой
91,Sapphire AMD Radeon RX 6500 XT ITX PULSE PURE GAMING OC
92,6 pin
93,152 мм
94,130 Вт
95,2310 МГц
96,40 мм
97,[11314-07-20G]
98,2865 МГц
99,194 мм
100,107 мм
101,Sapphire AMD Radeon RX 6500 XT PULSE GAMING OC
102,8 ГБ
103,[11314-08-20G]
104,2855 МГц
105,Sapphire AMD Radeon RX 6500 XT PULSE OC
106,[RX6500XT PG 8GO]
107,1.4a
108,2420 МГц
109,ASRock AMD Radeon RX 6500 XT Phantom Gaming
110,18
111,[NE63050018JE-1072F]
112,GeForce RTX 3050
113,1470 МГц
114,2304
115,96 бит
116,72
117,117 мм
118,8 нм
119,NVIDIA Ampere
120,Palit GeForce RTX 3050 StormX V1
121,3
122,6 ГБ
123,"DVI-D, DisplayPort, HDMI"
124,14000 МГц
125,8
126,300 Вт
127,162 мм
128,168 Гбайт/сек
129,70 Вт
130,технология «0 децибел»
131,1042 МГц
132,41.5 мм
133,[35NRLDHP9ODK]
134,1485 МГц
135,Гонконг
136,209 мм
137,118 мм
138,1040 МГц
139,KFA2 GeForce RTX 3050 X Black
140,37 мм
141,[DUAL-RTX3050-O6G]
142,1537 МГц
143,450 Вт
144,201 мм
145,120 мм
146,L2 кэш - 2 Мб
147,ASUS GeForce RTX 3050 Dual OC Edition
148,[NE63050S18JE-1070F]
149,1492 МГц
150,Palit GeForce RTX 3050 StormX OC
151,[RTX 3050 VENTUS 2X E 6G OC]
152,Тайвань (Китай)
153,109 мм
154,404 г
155,MSI GeForce RTX 3050 VENTUS 2X E OC
156,"2 x HDMI, DisplayPort"
157,189 мм
158,[NE63050S18JE-1072F]
159,[GeForce RTX 3050 LP 6G OC]
160,174 мм
161,69 мм
162,311 г
163,MSI Geforce RTX 3050 LP OC
164,38.5 мм
165,[NE63050018JE-1070H]
166,пассивное
167,166 мм
168,137 мм
169,Palit GeForce RTX 3050 KalmX
170,[GV-N3050OC-6GL]
171,"2 x DisplayPort, 2 x HDMI"
172,"документация, низкопрофильная планка"
173,1477 МГц
174,181 мм
175,GIGABYTE GeForce RTX 3050 OC Low Profile
176,[ZT-A30510L-10L]
177,71 мм
178,Zotac GeForce RTX 3050 LP
179,161 мм
180,1.8
181,[GV-N3050WF2OCV2-6GD]
182,191 мм
183,111 мм
184,GIGABYTE GeForce RTX 3050 WINDFORCE V2 OC
185,[912-V812-016]
186,381 г
187,MSI GeForce RTX 3050 VENTUS 2X OC
188,[RTX3050-O6G-LP-BRK]
189,182 мм
190,ASUS GeForce RTX 3050 LP BRK OC Edition
191,[912-V812-024]
192,1507 МГц
193,205 мм
194,464 г
195,MSI GeForce RTX 3050 GAMING X
196,[N30502-06D6-1711VA60]
197,222 мм
198,INNO3D GeForce RTX 3050 TWIN X2
199,[NE63050S18JE-1070E]
200,"L2 кэш - 2 Мб, технология ZERO RPM"
201,Gainward GeForce RTX 3050 Pegasus OC
202,[NE63050018JE-1070E]
203,Gainward GeForce RTX 3050 Pegasus
204,20
205,[NE63050018P1-1070F]
206,1777 МГц
207,2560
208,128 бит
209,80
210,Palit ThunderMaster
211,430 г
212,Palit GeForce RTX 3050 StormX
213,550 Вт
214,224 Гбайт/сек
215,PCIe x8
216,115 Вт
217,1552 МГц
218,[N30502-08D6-1711VA41]
219,[N30502-08D6X-1711VA41]
220,1792 МГц
221,INNO3D GeForce RTX 3050 TWIN X2 OC
222,39.5 мм
223,[ZT-A30510G-10L]
224,115 мм
225,Zotac GeForce RTX 3050 SOLO
226,"3 x DisplayPort, HDMI"
227,151 мм
228,47 мм
229,2.4
230,[NE63050018P1-1070D]
231,172 мм
232,Palit GeForce RTX 3050 Dual
233,[GV-N3050WF2OC-6GD]
234,GIGABYTE GeForce RTX 3050 WINDFORCE OC
235,[35NSL8MD6YEK]
236,1837 МГц
237,"выключатель подсветки, размер со скобой 224x133x44 мм"
238,45 мм
239,2.2
240,[RTX 3050 VENTUS 2X XS WHITE 8G OC]
241,1807 МГц
242,112 мм
243,570 г
244,MSI Geforce RTX 3050 VENTUS 2X XS WHITE OC
245,500 Вт
246,[RTX 3050 VENTUS 2X XS 8G]
247,MSI Geforce RTX 3050 VENTUS 2X XS
248,2.3
249,[NE63050018P1-1070B]
250,Gainward GeForce RTX 3050 Ghost
251,[NE63050S18P1-1070D]
252,Palit GeForce RTX 3050 Dual OC V1
253,51 мм
254,2.55
255,[PH-RTX3050-8G-V2]
256,177 мм
257,128 мм
258,572 г
259,ASUS GeForce RTX 3050 Phoenix
260,[35NSL8MD5WEK]
261,KFA2 GeForce RTX 3050 X White
262,38 мм
263,[DUAL-RTX3050-O8G-V2]
264,"документация, сувенирная продукция"
265,1852 МГц
266,200 мм
267,123 мм
268,ASUS GeForce RTX 3050 Dual V2 OC Edition
269,[RTX 3050 VENTUS 2X XS 8G OC]
270,MSI GeForce RTX 3050 VENTUS 2X XS OC
271,41 мм
272,28
273,24 мес.
274,[RX6600 CLD 8G]
275,Radeon RX 6600
276,2491 МГц
277,1792
278,112
279,132 мм
280,627 г
281,7 нм
282,ASRock AMD Radeon RX 6600 Challenger D
283,269 мм
284,Infinity Cache - 32 Мб
285,1626 МГц
286,39 мм
287,[AXRX 6600 8GBD6-3DH]
288,PowerColor AMD Radeon RX 6600 Fighter
289,40.2 мм
290,[GV-N3050WF2OC-8GD]
291,244 мм
292,125 мм
293,602 г
294,[RX6600 CLW 8G]
295,ASRock AMD Radeon RX 6600 Challenger White
296,"Infinity Cache - 32 Мб, технология «0 децибел»"
297,[ZT-A30500R-10L]
298,ZOTAC GeForce RTX 3050 ECO SOLO
299,[ZT-A30500K-10M]
300,223 мм
301,ZOTAC GeForce RTX 3050 ECO
302,[11310-01-20G]
303,Sapphire AMD Radeon RX 6600 PULSE
304,193 мм
305,140 Вт
306,[RX 7600 8G-F]
307,Radeon RX 7600
308,2655 МГц
309,4096x2160
310,2048
311,128
312,288 Гбайт/сек
313,AMD RDNA 3
314,"Infinity Cache - 32 Мб, размер со скобой 212x129x39 мм"
315,1720 МГц
316,PowerColor AMD Radeon RX 7600 Fighter
317,12 ГБ
318,[N30602-12D6-119032AH]
319,15000 МГц
320,GeForce RTX 3060
321,3584
322,192 бит
323,360 Гбайт/сек
324,1320 МГц
325,INNO3D GeForce RTX 3060 TWIN X2 (LHR)
326,40.3 мм
327,[RX7600 CL 8GO]
328,2695 МГц
329,1770 МГц
330,ASRock AMD Radeon RX 7600 Challenger OC
331,44.1 мм
332,[11324-01-20G]
333,2755 МГц
334,Sapphire AMD Radeon RX 7600 PULSE GAMING OC
335,185 Вт
336,1875 МГц
337,48
338,[36NOL7MD1VOK]
339,626 г
340,KFA2 GeForce RTX 3060 CORE (LHR)
341,245 мм
342,размер со скобой 258x126x41.5 мм
343,[DUAL-RTX3050-8G-V2]
344,ASUS GeForce RTX 3050 Dual V2
345,50 мм
346,2.5
347,[36NOL7MD2NEK]
348,1822 МГц
349,124 мм
350,KFA2 Xtreme Tuner
351,858 г
352,KFA2 GeForce RTX 3060 X Black (LHR)
353,285 мм
354,размер со скобой 299x139x50 мм
355,[NE63060T19K9-190AD]
356,Россия
357,119 мм
358,580 г
359,Palit GeForce RTX 3060 Dual OC (LHR)
360,180 Вт
361,[RX7600 8G-L/OC]
362,600 Вт
363,"Infinity Cache - 32 Мб, переключение подсветки, размер со скобой 234x149x45 мм"
364,Powercolor AMD Radeon RX 7600 Hellhound
365,[GV-N3060GAMING OC-8GD 2.0]
366,198 мм
367,240 Гбайт/сек
368,121 мм
369,L2 кэш - 3 Мб
370,GIGABYTE GeForce RTX 3060 GAMING OC (rev. 2.0)
371,PCIe 5.0
372,"DDR4-3200, DDR5-4800"
373,0 ГГц
374,[CM8071504651013-SRL63]
375,128 ГБ
376,Intel Alder Lake-S
377,100 °C
378,Малайзия
379,4.3 ГГц
380,20 шт
381,3.3 ГГц
382,LGA 1700
383,58 Вт
384,Intel 7
385,"DDR4, DDR5"
386,89 Вт
387,12 мес.
388,5 МБ
389,12 МБ
390,поддержка Intel Optane
391,2022
392,Intel Core i3-12100F
393,PCIe 3.0
394,1250 МГц
395,DDR4-2933
396,[YD3200C5M4MFH]
397,64 ГБ
398,AMD Picasso
399,95 °C
400,512
401,4 ГГц
402,3.6 ГГц
403,AM4
404,65 Вт
405,GlobalFoundries 12LP
406,DDR4
407,2 МБ
408,4 МБ
409,AMD Radeon Vega 8
410,2019
411,AMD Ryzen 3 3200G
412,DDR4-3200
413,[100-000000158]
414,AMD Matisse
415,6
416,4.1 ГГц
417,TSMC 7nm FinFET
418,3 МБ
419,32 МБ
420,AMD Ryzen 5 3500X
421,[100-000000050]
422,16 МБ
423,AMD Ryzen 5 3500
424,[CM8071505092203-SRMBV]
425,192 ГБ
426,Intel Raptor Lake-S
427,Вьетнам
428,4.5 ГГц
429,3.4 ГГц
430,2023
431,Intel Core i3-13100F
432,[100-000000644]
433,AMD Renoir
434,12
435,8 МБ
436,поддержка VR-Ready
437,AMD Ryzen 5 4500
438,[100-000000457]
439,AMD Cezanne
440,90 °C
441,4.2 ГГц
442,AMD Ryzen 5 5500
443,1400 МГц
444,[YD3400C5M4MFH]
445,11
446,704
447,16 шт
448,3.7 ГГц
449,12 нм
450,AMD Radeon Vega 11
451,AMD Ryzen 5 3400G
452,[100-000000031]
453,AMD Ryzen 5 3600
454,[100-100000644CBX]
455,нанесен на основание радиатора
456,[BX8071512100F]
457,Intel Raptor Lake-R
458,4.7 ГГц
459,3.5 ГГц
460,110 Вт
461,технология Intel GNA
462,2024
463,Intel Core i3-14100F
464,[YD3200C5FHBOX]
465,[100-100000510BOX]
466,3.8 ГГц
467,AMD Ryzen 3 4100
468,[100-100000457CBX]
469,[100-000000927]
470,AMD Vermeer
471,4.4 ГГц
472,AMD Ryzen 5 5600
473,[100-100000031BOX]
474,[100-000000022]
475,95 Вт
476,AMD Ryzen 5 3600X
477,[BX8071513100F]
478,[100-000000065]
479,4.6 ГГц
480,2020
481,AMD Ryzen 5 5600X
482,[100-100000457BOX]
483,1900 МГц
484,[100-000001155]
485,7
486,448
487,AMD Radeon Graphics
488,подержка AMD PRO Technologies
489,AMD Ryzen 5 PRO 4655G
490,[100-000000147]
491,AMD Radeon Vega 7
492,AMD Ryzen 5 4600G
493,1700 МГц
494,[100-000000148]
495,384
496,AMD Radeon Vega 6
497,AMD Ryzen 3 PRO 4350G
498,[CM8071504651012-SRL62]
499,24
500,192
501,60 Вт
502,Intel UHD Graphics 730
503,Intel Core i3-12100
504,[CM8071504650609-SRL5Z]
505,2.5 ГГц
506,117 Вт
507,7.5 МБ
508,18 МБ
509,Intel Core i5-12400F
510,[CM8071504555318-SRL4W]
511,DDR5-5200
512,[100-000001591]
513,256 ГБ
514,AMD Phoenix
515,AM5
516,TSMC 4nm FinFET
517,DDR5
518,6 МБ
519,поддержка AMD EXPO
520,AMD Ryzen 5 8400F
521,[100-100000927CBX]
522,1500 МГц
523,[CM8071505092202-SRMBU]
524,Intel Core i3-13100
525,[100-000000071]
526,AMD Ryzen 7 3700X
527,Intel Core i3-14100
528,[100-100000927BOX]
529,1450 МГц
530,[CM8071504650806-SRL60]
531,2.3 ГГц
532,35 Вт
533,69 Вт
534,"поддержка Intel Optane, технология Intel GNA"
535,Intel Core i3-12300T
536,[100-100000065BOX]
537,1.8 ГГц
538,[CM8071504821107-SRMBG]
539,148 Вт
540,10
541,9.5 МБ
542,20 МБ
543,Intel Core i5-13400F
544,[CM8071505093005]
545,[100-000001488]
546,AMD Ryzen 5 5600GT
547,[100-000001489]
548,AMD Ryzen 5 5500GT
549,[BX8071512400F-SRL4W]
550,[100-000000926]
551,AMD Ryzen 7 5700X
552,[BX8071512400F-SRL5Z]
553,[BXC8071512400F]
554,[BX8071512100]
555,[BXC8071512490F]
556,3 ГГц
557,Intel Core i5-12490F
558,[BX8071514100F]
559,[CM8071504758300]
560,[100-000000252]
561,3.9 ГГц
562,2021
563,AMD Ryzen 5 5600G
564,[CM8071504650608-SRL5Y]
565,Intel Core i5-12400
566,[100-100001488BOX]
567,[100-100001488CBX]
568,[100-000001845]
569,AMD Raphael
570,24 шт
571,TSMC 5nm FinFET
572,2025
573,AMD Ryzen 5 7400F
574,2000 МГц
575,[100-000000263]
576,AMD Ryzen 7 5700G
577,[CM8071504821113]
578,Intel Core i5-14400F
579,26.5 см
580,1
581,"0, 1"
582,MSI PRO
583,коричневый
584,DIMM
585,1 x PCIe 3.0 (в режиме x16)
586,1 Гбит/с
587,1 x 4 pin
588,Realtek RTL8111H
589,чипсет
590,236 мм
591,24 pin
592,"Matisse, Renoir"
593,"2667 МГц, 2800 МГц, 2933 МГц, 3000 МГц, 3066 МГц, 3200 МГц, 3466 МГц, 3600 МГц, 3733 МГц, 3866 МГц, 4000 МГц, 4133 МГц, 4266 МГц, 4400 МГц, 4600 МГцещё"
594,26 см
595,1 x 2242/2260/2280 (SATA/PCIe 3.0 x4)
596,3.0
597,Realtek ALC892/ALC897
598,"0, 1, 10"
599,материнская плата
600,1 x 4 pin (кулер)
601,Micro-ATX
602,7.5 см
603,"2 x USB 2.0, 4 x USB 3.2 Gen 1"
604,MSI A520M-A PRO
605,"для клавиатуры, для мыши"
606,7.1
607,"1 x DVI-D, 1 x HDMI"
608,"2 x кабель SATA, диск с ПО, документация, задняя планка"
609,3200 МГц
610,"1 x USB 3.2 Gen 1 (19 pin), 2 x USB 2.0 (9 pin)"
611,0.76 кг
612,AMD A520
613,0 шт
614,поддержка TPM 2.0
615,210 мм
616,1 x 8 pin
617,"1 x M.2 слот, чипсет"
618,5.5 см
619,MSI A520M PRO
620,комбинированный
621,"1 x DisplayPort, 1 x HDMI, 1 x VGA (D-Sub)"
622,MSI Mystic Light
623,0.78 кг
624,28 см
625,230 мм
626,"Matisse, Renoir, Vermeer"
627,"3466 МГц, 3600 МГц, 3733 МГц, 3800 МГц, 3866 МГц, 4000 МГц, 4133 МГц, 4200 МГц, 4266 МГц, 4333 МГц, 4400 МГц, 4466 МГц, 4533 МГц, 4600 МГц, 4666 МГц, 4733 МГцещё"
628,24 см
629,Realtek ALC887
630,6 см
631,ASRock A520M-HDV
632,"1 x DVI-D, 1 x HDMI, 1 x VGA (D-Sub)"
633,0.8 кг
634,"поддержка Intel XMP, поддержка TPM 2.0"
635,27.6 см
636,23.4 см
637,ASRock A520M-HVS
638,"1 x HDMI, 1 x VGA (D-Sub)"
639,188 мм
640,1 x PCIe 4.0 (в режиме x16)
641,197 мм
642,21 см
643,5
644,4.0
645,Realtek ALC887/897
646,"2 x USB 3.2 Gen 1, 4 x USB 2.0"
647,ASRock H610M-HVS
648,Intel H610
649,"1 x USB 2.0 (9 pin), 1 x USB 3.2 Gen 1 (19 pin)"
650,"Alder Lake, Raptor Lake"
651,0.75 кг
652,ASUS PRIME
653,"Cezanne, Matisse, Picasso, Renoir, Vermeer"
654,"3333 МГц, 3400 МГц, 3466 МГц, 3600 МГц, 3733 МГц, 3866 МГц, 4000 МГц, 4133 МГц, 4200 МГц, 4266 МГц, 4333 МГц, 4400 МГц, 4466 МГц, 4600 МГц, 4666 МГц, 4866 МГц, 5100 МГцещё"
655,1 x 2242/2260/2280 (PCIe 3.0 x4)
656,ASUS PRIME A520M-R
657,1 x HDMI
658,"2 x кабель SATA, документация, задняя планка"
659,"ASUS 5X Protection, поддержка ASUS AEMP II, технология SafeSlot"
660,220 мм
661,6+1+1
662,ASRock H610M-HVS/M.2 R2.0
663,"2 x кабель SATA, диск с ПО, документация, задняя планка, крепеж для разъема M.2"
664,"Alder Lake, Raptor Lake, Raptor Lake Refresh"
665,поддержка Intel XMP
666,Realtek ALC897
667,MSI PRO H610M-S DDR4
668,"документация, задняя планка, кабель SATA"
669,2 x USB 2.0 (9 pin)
670,1 кг
671,27 см
672,221 мм
673,226 мм
674,"3333 МГц, 3400 МГц, 3466 МГц, 3600 МГц, 3733 МГц, 3866 МГц, 4000 МГц, 4133 МГц, 4200 МГц, 4266 МГц, 4333 МГц, 4400 МГц, 4466 МГц, 4600 МГц, 4866 МГцещё"
675,26.3 см
676,5.2 см
677,ASUS PRIME A520M-K
678,0.82 кг
679,ASRock H610M-HDV
680,MSI PRO H610M-E DDR4
681,0.7 кг
682,27.5 см
683,"Pinnacle Ridge, Raven Ridge, Summit Ridge"
684,"2933 МГц, 3200 МГц"
685,ASRock B450M-HDV R4.0
686,"2 x кабель SATA, диск с ПО, документация, крепеж для разъема M.2"
687,0.74 кг
688,AMD B450
689,аудиоконденсаторы ELNA
690,кнопка BIOS FlashBack
691,"Matisse, Picasso, Pinnacle Ridge, Raven Ridge"
692,"2800 МГц, 2933 МГц, 3000 МГц, 3200 МГц, 3300 МГц, 3400 МГц, 3466 МГц, 3533 МГц, 3600 МГц, 3733 МГц, 3866 МГц, 4000 МГц, 4400 МГцещё"
693,4+2
694,5 см
695,ASUS PRIME B450M-K II
696,2666 МГц
697,LED-трассировка зоны аудиоподсистемы
698,ASRock H610M-HDV/M.2 R2.0
699,MSI PRO H610M-E
700,96 ГБ
701,5600 МГц
702,3+1+1
703,ASRock H610M-H2/M.2 D5
704,2 x HDMI
705,"2 x кабель SATA, документация, задняя планка, крепеж для разъема M.2"
706,ASRock H610M-H2/M.2
707,25 см
708,23 см
709,"2 x USB 2.0, 2 x USB 3.2 Gen 1"
710,ASUS PRIME H610M-R D4
711,203 мм
712,234 мм
713,5.1 см
714,ASUS PRIME H610M-K D4
715,0.9 кг
716,"3333 МГц, 3400 МГц, 3466 МГц, 3600 МГц, 3733 МГц, 3866 МГц, 4000 МГц, 4200 МГц, 4266 МГц, 4333 МГц, 4400 МГц, 4466 МГц, 4600 МГц, 4866 МГцещё"
717,"1 x USB 3.2 Gen 2, 2 x USB 2.0, 4 x USB 3.2 Gen 1"
718,ASUS PRIME A520M-E/CSM
719,202 мм
720,Intel I219-V
721,MSI PRO H610M-G DDR4
722,0.86 кг
723,34 см
724,ASRock PRO
725,224 мм
726,"1 x PCIe 3.0 (в режиме x4), 1 x PCIe 3.0 (в режиме x16)"
727,CrossFire X
728,"зона VRM, чипсет"
729,305 мм
730,"Matisse, Picasso, Pinnacle Ridge, Raven Ridge, Summit Ridge"
731,"1 x 4 pin (кулер), 1 x 4 pin (кулер/помпа)"
732,Standard-ATX
733,1 x USB 3.2 Gen 2
734,ASRock B450 Pro4 R2.0
735,1 x 2230/2242/2260/2280/22110 (SATA/PCIe 3.0 x2)
736,ASRock Polychrome SYNC
737,1.32 кг
738,2 шт
739,"3600 МГц, 4000 МГц, 4400 МГц, 4600 МГц, 5333 МГц"
740,1 x 2260/2280 (PCIe 4.0 x4)
741,5+1+1
742,"0, 1, 5, 10"
743,"2 x USB 2.0, 3 x USB 3.2 Gen 1"
744,1 x USB 3.2 Gen 1
745,ASRock B760M-HDV/M.2 D4
746,1 x 2260/2280 (SATA/PCIe 3.0 x4)
747,Intel B760
748,0.77 кг
749,"2800 МГц, 3000 МГц, 3200 МГц, 3300 МГц, 3400 МГц, 3466 МГц, 3533 МГц, 3600 МГц, 3733 МГц, 3866 МГц, 4000 МГц, 4400 МГц"
750,1 x 2242/2260/2280/22110 (SATA/PCIe 3.0 x4)
751,"2 x USB 3.2 Gen 2, 4 x USB 3.2 Gen 1"
752,ASUS PRIME B450M-A II
753,ASUS Aura Sync
754,0.95 кг
755,технология SafeSlot
756,"3333 МГц, 3400 МГц, 3466 МГц, 3600 МГц, 3733 МГц, 3800 МГц, 4000 МГц, 4200 МГц, 4266 МГц, 4400 МГц, 4600 МГц, 4800 МГц"
757,MSI PRO B760M-E DDR4
758,1 x 2242/2260/2280 (SATA/PCIe 4.0 x4)
759,"документация, задняя планка, кабель SATA, крепеж для разъема M.2"
760,211 мм
761,MSI PRO H610M-G
762,0.55 кг
763,1 x RS-232 (COM)
764,ASUS PRIME H610M-D
765,"поддержка Intel XMP, технология SafeSlot"
766,"Cezanne, Matisse, Renoir, Vermeer"
767,"3466 МГц, 3600 МГц, 3733 МГц, 3866 МГц, 4000 МГц, 4133 МГц, 4266 МГц, 4400 МГц, 4600 МГц"
768,Realtek ALC892
769,MSI B550M-A PRO
770,AMD B550
771,195 мм
772,ASUS PRIME H610M-R-SI
773,28.5 см
774,ASRock B550M-HDV
775,0.93 кг
776,"поддержка A-XMP, поддержка TPM 2.0"
777,33 см
778,"1 x PCIe 2.0 (в режиме x4), 1 x PCIe 3.0 (в режиме x16)"
779,"2800 МГц, 3000 МГц, 3200 МГц, 3466 МГц, 4400 МГц"
780,Realtek ALC887-VD2
781,"2 x USB 2.0, 2 x USB 3.2 Gen 1, 2 x USB 3.2 Gen 2"
782,ASUS PRIME B450-PLUS
783,1.16 кг
784,2018
785,ASUS PRIME H610M-E-CSM
786,"1 x 2242/2260/2280 (PCIe 3.0 x2), 1 x 2242/2260/2280 (PCIe 3.0 x4)"
787,ASUS PRIME H610M-K
788,30 см
789,1 x 2242/2260/2280 (PCIe 4.0 x4)
790,"1 x USB 3.2 Gen 1, 4 x USB 2.0"
791,MSI PRO B760M-P DDR4
792,0.85 кг
793,2.5 Гбит/с
794,Realtek RTL8125
795,"Cezanne, Matisse, Picasso, Pinnacle Ridge, Raven Ridge, Renoir, Summit Ridge, Vermeer"
796,"2800 МГц, 2933 МГц, 3000 МГц, 3066 МГц, 3200 МГц, 3466 МГц, 3733 МГц, 3866 МГц, 4000 МГц, 4133 МГц"
797,MSI B450M-A PRO MAX II
798,2667 МГц
799,поддержка A-XMP
800,ASRock B450M Pro4 R2.0
801,1 x 2230/2242/2260/2280 (SATA)
802,1.1 кг
803,"дроссели Premium 42A Power Choke, поддержка TPM 2.0"
804,Raphael
805,"5200 МГц, 5400 МГц, 5600 МГц, 5800 МГц, 6000 МГц, 6200 МГц, 6400 МГц, 6600 МГц, 6800 МГц"
806,MSI PRO A620M-E
807,4800 МГц
808,AMD A620
809,"поддержка AMD EXPO, поддержка TPM 2.0"
810,"1 x PCIe 3.0 (в режиме x2), 1 x PCIe 3.0 (в режиме x16)"
811,"1 x M.2 слот, зона VRM, чипсет"
812,1 x 2280 (SATA/PCIe 3.0 x4)
813,Realtek ALC1200
814,"2 x USB 2.0, 5 x USB 3.2 Gen 1"
815,ASRock A520M Pro4
816,1 x 2280 (SATA/PCIe 3.0 x2)
817,"2 x USB 2.0 (9 pin), 2 x USB 3.2 Gen 1 (19 pin)"
818,1.15 кг
819,"плата несовместима с AMD Ryzen 5 3400G и Ryzen 3 3200G, поддержка Intel XMP"
820,29 см
821,"3333 МГц, 3466 МГц, 3600 МГц, 3733 МГц, 4000 МГц, 4266 МГц, 4400 МГц, 4600 МГц, 4800 МГц, 5000 МГц, 5333 МГц"
822,ASUS PRIME B660M-K D4
823,Intel B660
824,"3333 МГц, 3400 МГц, 3466 МГц, 3600 МГц, 3733 МГц, 4000 МГц, 4266 МГц, 4400 МГц, 4600 МГц, 4800 МГц, 5000 МГц, 5066 МГц, 5333 МГцещё"
825,"4 x USB 2.0, 4 x USB 3.2 Gen 1"
826,ASUS PRIME B760M-R D4
827,ASRock H610M-HDV/M.2+ D5
828,ASRock Phantom Gaming
829,"1 x PCIe 3.0 (в режиме x4), 1 x PCIe 4.0 (в режиме x16)"
830,1 x 2280 (PCIe 4.0 x4)
831,ASRock B550M Phantom Gaming 4
832,"1 x DisplayPort, 1 x HDMI"
833,1.08 кг
834,"5400 МГц, 5600 МГц, 5800 МГц, 6000 МГц, 6200 МГц, 6400 МГц, 6600 МГц, 6800 МГц, 7000 МГц, 7200 МГц"
835,ASUS PRIME A620M-K
836,5200 МГц
837,8 pin + 4 pin
838,1 x 2260/2280/22110 (PCIe 4.0 x4)
839,Realtek ALC1220/ALC1200
840,6 x USB 3.2 Gen 1
841,ASRock B550 Phantom Gaming 4
842,1 x 2242/2260/2280 (SATA/PCIe 3.0 x2)
843,ASUS PRIME B760M-K D4
844,MSI PRO H610M-G WIFI DDR4
845,"2 x кабель SATA, антенна Wi-Fi, диск с ПО, документация, задняя планка, крепеж для разъема M.2"
846,5 (802.11ac)
847,Intel AC 3168
848,4.2
849,"2 x USB 3.2 Gen 2, 4 x USB 2.0"
850,ASUS PRIME H610M-D D4
851,Realtek RTL8125B
852,"3333 МГц, 3400 МГц, 3466 МГц, 3600 МГц, 3733 МГц, 3800 МГц, 4200 МГц, 4266 МГц, 4400 МГц, 4600 МГц, 4800 МГц"
853,MSI B760M BOMBER DDR4
854,"документация, задняя планка"
855,"3333 МГц, 3466 МГц, 3600 МГц, 3733 МГц, 3866 МГц, 4000 МГц, 4266 МГц, 4400 МГц, 4466 МГц, 4600 МГц, 4800 МГц"
856,1 x 2242/2260/2280/22110 (SATA/PCIe 4.0 x4)
857,ASUS PRIME B550M-K
858,кнопка Flash BIOS
859,Realtek RTL8111HN
860,"3466 МГц, 3600 МГц, 3733 МГц, 3866 МГц, 4000 МГц, 4133 МГц, 4266 МГц, 4400 МГц"
861,6.5 см
862,MSI B550M PRO-VDH
863,1.05 кг
864,"5800 МГц, 6000 МГц, 6200 МГц, 6400 МГц"
865,MSI PRO B760M-E
866,215 мм
867,Realtek RTL8125BG
868,"Phoenix, Raphael"
869,"5000 МГц, 5200 МГц, 5400 МГц, 5600 МГц, 5800 МГц, 6000 МГц, 6200 МГц, 6400 МГц, 6600 МГц, 6800 МГц"
870,MSI PRO B650M-B
871,AMD B650
872,MSI B550M PRO-VDH WIFI
873,"2 x кабель SATA, антенна Wi-Fi, диск с ПО, документация"
874,1.12 кг
875,ASUS PRIME H610M-E D4-CSM
876,43
877,19
878,120 мес.
879,1.2 В
880,[PSP416G2666KH1]
881,UDIMM
882,оперативная память
883,16 ГБ
884,Patriot Signature Line Premium
885,1600 МГц
886,1600 МГц (11-11-11-28)
887,1.35 В
888,[DGSB316GB1600C11DC]
889,одноранговая
890,30 мм
891,DDR3
892,60 мес.
893,ARDOR GAMING Reaper
894,22
895,[AD4U32008G22-DTGN]
896,ADATA Premier
897,27
898,1600 МГц (10-10-10-27)
899,1.5 В
900,[PV316G160C0K]
901,Patriot Viper 3
902,52
903,[PSP416G3200KH1]
904,38
905,[AH4U16G32C28YMBAA-2]
906,серый
907,Apacer NOX
908,36
909,3200 МГц (16-18-18-36)
910,[NMUD480E82-3200DG20]
911,Neo Forza BLACK FAYE
912,[NMUD480E82-2666EA20]
913,Neo Forza
914,[PSD416G2666K]
915,31.25 мм
916,Patriot Signature Line
917,9
918,1600 МГц (9-9-9-24)
919,[PV316G160C9K]
920,[AGI32DA08UD138]
921,AGI UD138
922,1866 МГц
923,30
924,1866 МГц (10-11-10-30)
925,[PV316G186C0K]
926,[PSD416G3200K]
927,31 мм
928,[NMUD480E82-3200EA20]
929,40
930,3200 МГц (16-20-20-40)
931,[DGSB416GB3200C16DC]
932,3200 МГц (16-18-18-38)
933,[F4-3200C16D-16GIS]
934,30.75 мм
935,G.Skill Aegis
936,[TTCED416G3200HC16FDC01]
937,32 мм
938,10 слойная печатная плата
939,Team Group T-Create Expert
940,[MMX2K16GD432C16]
941,OCPC XT II BLACK
942,[TLZGD416G3200HC16FDC01]
943,Team Group T-Force Vulcan Z
944,[NTSWD4P32DP-16K]
945,43.5 мм
946,Netac Shadow II
947,[NTSWD4P32DP-16W]
948,2666 МГц (16-18-18-38)
949,[DGSB416GB2666C16DC]
950,RGB
951,[MMX3A2K16GD432C16]
952,46.9 мм
953,OCPC X3 RGB BLACK
954,[TTCCD416G3200HC22DC01]
955,Team Group T-Create Classic 10L
956,[GP416GB2666C19DC]
957,GeIL Pristine
958,[PVS416G320C6K]
959,44.4 мм
960,Patriot Viper Steel
961,17
962,2666 МГц (16-17-17-36)
963,[PVE2416G266C6K]
964,"красный, черный"
965,35 мм
966,Patriot Viper Elite II
967,3600 МГц
968,3600 МГц (18-22-22-38)
969,[DGSB416GB3600C18DC]
970,3200 МГц (16-20-20)
971,[AX4U32008G16A-DTBKD35]
972,34 мм
973,ADATA XPG GAMMIX D35
974,42
975,3200 МГц (18-22-22-42)
976,[PVE2416G320C8K]
977,[AX4U32008G16A-DTWHD35]
978,[AX4U32008G16A-DCBK20]
979,ADATA XPG GAMMIX D20
980,[AX4U32008G16A-DB10]
981,ADATA XPG GAMMIX D10
982,"3000 МГц (15-17-17), 3200 МГц (16-18-18)"
983,[KF432C16BBK2/16-SP]
984,Kingston FURY Beast Black
985,[AH4U16G36C25YMBAA-2]
986,3600 МГц (18-22-22-42)
987,[PVS416G360C8K]
988,Patriot Viper 4 Steel
989,[GOG416GB2666C19DC]
990,GeIL Orion
991,[F4-3200C16D-16GVKB]
992,G.Skill Ripjaws V
993,3600 МГц (18-22-22)
994,[AX4U36008G18I-DB10]
995,[AX4U36008G18I-DTBKD35]
996,[AX4U36008G18I-DTWHD35]
997,46
998,26
999,3600 МГц (20-26-26-46)
1000,[PVE2416G360C0K]
1001,[AX4U36008G18I-DCBK20]
1002,[KF432C16BBK2/16]
1003,34.1 мм
1004,[AX4U32008G16A-DTWHD35G]
1005,ADATA XPG SPECTRIX D35G RGB
1006,[AX4U32008G16A-DR30]
1007,красный
1008,44.7 мм
1009,ADATA XPG GAMMIX D30
1010,35
1011,15
1012,2666 МГц (15-15-15-35)
1013,[F4-2666C15D-16GRR]
1014,G.Skill RIPJAWS 4
1015,[TTCED416G3600HC18JDC01]
1016,Team Group T-Create
1017,[AX4U32008G16A-DTBKD35G]
1018,3600 МГц (19-20-20-40)
1019,[F4-3600C19D-16GVRB]
1020,[PVB416G360C8K]
1021,42.6 мм
1022,Patriot Viper 4 Blackout
1023,[AX4U36008G18I-DCWHD45G]
1024,45.26 мм
1025,ADATA XPG SPECTRIX D45G RGB
1026,[AX4U32008G16A-DW50]
1027,ADATA XPG SPECTRIX D50 RGB
1028,21
1029,"3000 МГц (15-17-17), 3600 МГц (17-21-21)"
1030,[KF436C17BBK2/16]
1031,0.45 мм
1032,1 шт
1033,"3.5 мм jack (аудио) х 1, 3.5 мм jack (микрофон) х 1, USB 2.0 Type-A х 2"
1034,145 мм
1035,1 x 90 или 1 x 80 мм
1036,спереди
1037,175 мм
1038,0 Вт
1039,верхнее
1040,пластик
1041,вертикально
1042,набор крепежа
1043,"Micro-ATX, Standard-ATX"
1044,405 мм
1045,винты сзади
1046,"пластик, сталь"
1047,2 x 120 мм
1048,ATX
1049,355 мм
1050,3 шт
1051,300 мм
1052,корпус
1053,Mid-Tower
1054,DEXP DC-302G
1055,DEXP DC-302R
1056,"антивибрационный, малошумный"
1057,0.7 мм
1058,160 мм
1059,185 мм
1060,сталь
1061,[U500 W]
1062,"Micro-ATX, Mini-ITX, Standard-ATX"
1063,410 мм
1064,330 мм
1065,3.02 кг
1066,150 мм
1067,320 мм
1068,DEXP DCU-500W
1069,"USB 2.0 Type-A х 1, USB 3.2 Gen 1 Type-A х 1, USB 3.2 Gen 1 Type-C х 1"
1070,1 x 120 мм
1071,горизонтально
1072,"документация, комплект аксессуаров, набор крепежа"
1073,4 шт
1074,0.5 мм
1075,140 мм
1076,1 x 92 или 1 x 80 мм
1077,[EX261447RUS]
1078,"документация, набор крепежа"
1079,4.8 кг
1080,2 x 120 или 2 x 80 мм
1081,ExeGate CP-601
1082,155 мм
1083,1 x 80 мм
1084,173 мм
1085,[A220]
1086,металлическая сетка на боковой стенке
1087,370 мм
1088,2.5 кг
1089,325 мм
1090,GiNZZU A220
1091,135 мм
1092,180 мм
1093,[EX290172RUS]
1094,415 мм
1095,352 мм
1096,275 мм
1097,ExeGate AA-440
1098,[DC302B]
1099,синий
1100,3 кг
1101,DEXP DC-302B
1102,[U500 B]
1103,DEXP DCU-500B
1104,"3.5 мм jack (аудио) х 1, 3.5 мм jack (микрофон) х 1, USB 2.0 Type-A х 1, USB 3.2 Gen 1 Type-A х 1"
1105,350 Вт
1106,[EX292994RUS]
1107,350 мм
1108,3.05 кг
1109,ExeGate CP-606U-AB350
1110,"3.5 мм jack (аудио) х 1, 3.5 мм jack (микрофон) х 1, USB 2.0 Type-A х 2, USB 3.2 Gen 1 Type-A х 1"
1111,сверху
1112,"Flex-ATX, Micro-ATX, Standard-ATX"
1113,3.5 кг
1114,360 мм
1115,DEXP AWS-DE7
1116,[EX283070RUS]
1117,385 мм
1118,4.3 кг
1119,ExeGate XP-332
1120,[17139]
1121,GiNZZU A200
1122,"металлическая сетка, пластик"
1123,[EX278402RUS]
1124,3.3 кг
1125,ExeGate XP-329S
1126,207 мм
1127,[ACC A-302]
1128,"Micro-ATX, Mini-ATX, Standard-ATX"
1129,412 мм
1130,"винты сбоку, винты сзади"
1131,347 мм
1132,2 кг
1133,290 мм
1134,Accord A-302
1135,190 мм
1136,[EX283735RUS]
1137,2.7 кг
1138,ExeGate XP-402U
1139,130 мм
1140,184 мм
1141,[EX280385RUS]
1142,"PC Speaker, документация, набор крепежа"
1143,400 мм
1144,ExeGate CP-604
1145,425 мм
1146,3 x 120 мм
1147,2.3 кг
1148,Accord ACC-CL293B
1149,Accord ACC-CL292B
1150,Accord ACC-CL297B
1151,[ACC A-300]
1152,Accord A-300
1153,"3.5 мм jack (аудио) х 1, 3.5 мм jack (микрофон) х 1, USB 2.0 Type-A х 2, USB 3.2 Gen 1 Type-A х 2"
1154,[EX278394RUS]
1155,ExeGate CP-603
1156,[EX283214RUS]
1157,замок блокировки кнопки питания
1158,ExeGate CP-603UB
1159,170 мм
1160,"металлическая сетка, сталь"
1161,[DCC-MD301]
1162,2.4 кг
1163,260 мм
1164,Digma DCC-MD301
1165,комплект аксессуаров
1166,422 мм
1167,413 мм
1168,DEXP DC-101B
1169,[EX290173RUS]
1170,"возможность трансформации отсека 5.25"" в 3.5"", при установленом приводе 5.25"" максимальная длина блока питания 140 ммещё"
1171,ExeGate AA-440U
1172,0.35 мм
1173,"120 мм, 240 мм"
1174,[T8]
1175,423 мм
1176,394.5 мм
1177,2.6 кг
1178,295 мм
1179,многоцветная
1180,ZALMAN T8
1181,2 x 140 или 2 x 120 мм
1182,кнопка на корпусе
1183,[EX283071RUS]
1184,ExeGate XP-332-XP400
1185,[4895205102682]
1186,"дополнительный отсек 5.25"" если длина блока питания не превышает 170 мм, дополнительный отсек 5.25"" если длина материнской планы не превышает 210 ммещё"
1187,ExeGate CP-601-CP350
1188,4895205117433
1189,3.6 кг
1190,ExeGate XP-401
1191,0.48 мм
1192,"3.5 мм jack (аудио) х 1, 3.5 мм jack (микрофон) х 1, USB 2.0 Type-A х 1, USB 3.2 Gen 1 Type-A х 2"
1193,183 мм
1194,[EX292986RUS]
1195,ExeGate XP-340U
1196,[EX290184RUS]
1197,2.8 кг
1198,ExeGate AA-440U-AA400
1199,[EX283730RUS]
1200,ExeGate XP-401-XP350
1201,[EX290178RUS]
1202,ExeGate AA-442U2-AA350
1203,[EX290186RUS]
1204,"блок питания ExeGate AA450, возможность трансформации отсека 5.25"" в 3.5"", при установленом приводе 5.25"" максимальная длина блока питания 140 ммещё"
1205,ExeGate AA-440U-AA450
1206,[EX283731RUS]
1207,ExeGate XP-401-XP400
1208,[EX283075RUS]
1209,одноцветная
1210,ExeGate XP-333U
1211,[EX290176RUS]
1212,"3.5 мм jack (аудио) х 1, 3.5 мм jack (микрофон) х 1, USB 2.0 Type-A х 1, USB 3.2 Gen 1 Type-A х 1, USB 3.2 Gen 1 Type-C х 1ещё"
1213,[EX287365RUS]
1214,390 мм
1215,ExeGate XP-334UC
1216,165 мм
1217,430 мм
1218,377 мм
1219,2.82 кг
1220,280 мм
1221,ZALMAN T6
1222,[4895205102675]
1223,ExeGate CP-601-CP400
1224,[EX287145RUS]
1225,ExeGate XP-402U2-XP600
1226,[EX290174RUS]
1227,ExeGate AA-442U2
1228,"3.5 мм jack (аудио) х 1, 3.5 мм jack (микрофон) х 1, USB 2.0 Type-A х 4"
1229,1 x 90 мм
1230,[FL-301-FZ450R]
1231,Foxline FL-301
1232,[EX261450RUS]
1233,ExeGate CP-601-CP450
1234,1 x 120 или 1 x 92 или 1 x 80 мм
1235,[FL-302-FZ450]
1236,373 мм
1237,2 x 120 или 2 x 92 или 2 x 80 мм
1238,Foxline FL-302
1239,"3.5 мм jack (аудио) х 1, 3.5 мм jack (микрофон) х 1, USB 3.2 Gen 1 Type-A х 2, USB 3.2 Gen 1 Type-C х 1"
1240,[EX287372RUS]
1241,ExeGate XP-332UC
1242,190.1 мм
1243,регулируемое
1244,алюминий
1245,[CS-1103-S-BK-v1]
1246,412.8 мм
1247,381.6 мм
1248,335 мм
1249,Formula CS-1103
1250,[EX287141RUS]
1251,ExeGate XP-402U2-XP350
1252,[EX287142RUS]
1253,ExeGate XP-402U2-XP400
1254,[EX290189RUS]
1255,ExeGate AA-442U2-AA450
1256,[EX278395RUS]
1257,ExeGate XP-329S-XP350
1258,[EX278396RUS]
1259,ExeGate XP-329S-XP400
1260,[4895205108233]
1261,"дополнительный отсек 5.25"" если длина материнской платы не превышает 205 мм"
1262,7 кг
1263,ExeGate CP-603-CP350
1264,[EX278391RUS]
1265,ExeGate CP-603-CP400
1266,650 Вт
1267,2.5 А
1268,115-230 В 47/63 Гц
1269,30 дБ
1270,576 Вт
1271,[EX292283RUS]
1272,20 А
1273,активный
1274,64 мм
1275,80 x 80 мм
1276,автоматическая
1277,20+4 pin
1278,0.3 А
1279,4+4 pin
1280,21 А
1281,100 мм
1282,0.91 кг
1283,стандартные
1284,12V1 48A
1285,"OCP, OPP, OTP, OVP, SCP, UVP"
1286,Silver
1287,блок питания
1288,SFX
1289,ExeGate M650
1290,активная
1291,528 Вт
1292,[EX292237RUS]
1293,12V1 44A
1294,ExeGate M600
1295,750 Вт
1296,115-253 В 47\63 Гц
1297,26 дБ
1298,ATX 12V 2.4
1299,672 Вт
1300,[EX292343RUS-OEM]
1301,4 x 6+2 pin
1302,86 мм
1303,120 x 120 мм
1304,0.5 А
1305,2 x 4+4 pin
1306,2.1 кг
1307,черные
1308,12V1 55A
1309,Bronze
1310,ExeGate 750PPH-OEM
1311,700 Вт
1312,624 Вт
1313,[EX292238RUS]
1314,0.92 кг
1315,12V1 52A
1316,ExeGate M700
1317,3 А
1318,200-240 В 50/60 Гц
1319,ATX 12V 2.31
1320,600 мм
1321,[PS-600B-DC]
1322,2 x 6+2 pin
1323,18 А
1324,"документация, кабельные стяжки, комплект крепежа"
1325,550 мм
1326,"DC-DC перобразователь, конденсаторы TEAPO"
1327,1.6 кг
1328,12V1 50A
1329,PowerCase PB600
1330,100-240 В 50/60 Гц
1331,27 дБ
1332,[CGR BA-600]
1333,"защитная оплетка, нет"
1334,"4+4 pin, 8 pin"
1335,1.68 кг
1336,"OCP, OPP, OVP, SCP, UVP"
1337,Cougar Atlas 600
1338,800 Вт
1339,180-240 В 50/60 Гц
1340,23 дБ
1341,702 Вт
1342,[EX282156RUS-S]
1343,защитная оплетка
1344,фиксатор кабеля питания
1345,12V1 58.5A
1346,ExeGate 80 PLUS Bronze 800PPH
1347,699.6 Вт
1348,[PS-700B-DC]
1349,12V1 58.3A
1350,PowerCase PB700
1351,2 А
1352,[EX280578RUS-OEM-S]
1353,1.7 кг
1354,ExeGate 80 PLUS Bronze 600PPH S OEM
1355,540 Вт
1356,[CGR BS-600]
1357,450 мм
1358,2200 об/мин
1359,16 А
1360,1.98 кг
1361,12V1 45A
1362,Cougar VTE 600W V2
1363,700 мм
1364,580 мм
1365,ARDOR GAMING NEXUS 650WB
1366,2.4 А
1367,115-240 В 47/63 Гц
1368,40 дБ
1369,564 Вт
1370,[EX292204RUS]
1371,1.55 кг
1372,12V1 47A
1373,ExeGate ServerPRO 600PPH-SE
1374,900 Вт
1375,816 Вт
1376,[EX292160RUS-S]
1377,6 x 6+2 pin
1378,12V1 68A
1379,ExeGate 80 PLUS Bronze 900PPH
1380,570 мм
1381,[BETA 650]
1382,17 А
1383,420 мм
1384,510 мм
1385,1.57 кг
1386,"OPP, OVP, SCP, UVP"
1387,MONTECH BETA 650
1388,[EX292343RUS]
1389,ExeGate 750PPH
1390,25 дБ
1391,649 Вт
1392,[ CGR BA-650]
1393,японские конденсаторы
1394,1.69 кг
1395,12V1 54A
1396,Cougar Atlas 650
1397,100-240 В 47/63 Гц
1398,ATX 12V 2.52
1399,552 Вт
1400,500 мм
1401,[PROBE600B-BKCEU]
1402,2400 об/мин
1403,750 мм
1404,19 А
1405,1.48 кг
1406,12V1 46A
1407,"OPP, OTP, OVP, SCP, SIP"
1408,ADATA XPG PROBE 600W
1409,32 дБ
1410,[VP-70080+]
1411,до полной остановки
1412,1.9 кг
1413,GameMax VP-700 80+
1414,[31VX070.0001P]
1415,22 А
1416,480 мм
1417,1.4 кг
1418,Cougar VTE X2 700
1419,648 Вт
1420,[PSAZ-650]
1421,15 А
1422,Azza PSAZ-650B
1423,[306-7ZP2B19-CE0]
1424,"OCP, OPP, OTP, OVP, SCP"
1425,MSI MAG A650BN
1426,[KCAS-600 PLUS]
1427,560 мм
1428,"документация, комплект крепежа"
1429,460 мм
1430,1.49 кг
1431,AeroCool KCAS PLUS 600W
1432,696 Вт
1433,12V1 58A
1434,ARDOR GAMING NEXUS 750WB
1435,ATX 12V 2.3
1436,650 мм
1437,[VPS-600S]
1438,комплект крепежа
1439,87 мм
1440,1.73 кг
1441,"OPP, OTP, OVP, SCP, SIP, UVP"
1442,Chieftec Volta VPS-600S
1443,[KCAS PLUS 600 PLUS]
1444,DC-DC перобразователь
1445,"OCP, OPP, OTP, OVP, SCP, SIP, UVP"
1446,Formula KCAS PLUS 600W
1447,[EX292160RUS-OEM-S]
1448,ExeGate 80 PLUS Bronze 900PPH OEM
1449,[ CGR BA-750]
1450,1.83 кг
1451,12V1 62.5A
1452,Cougar Atlas 750
1453,38.2 дБ
1454,[PS-SPD-0650NNSABE-1]
1455,23 А
1456,Thermaltake Smart BX1 650W
1457,1000 Вт
1458,936 Вт
1459,[EX292157RUS-OEM-S]
1460,12V1 78A
1461,ExeGate 80 PLUS Bronze 1000PPH OEM
1462,620 мм
1463,[R-PK600D-FA0B-EU]
1464,520 мм
1465,1.36 кг
1466,DEEPCOOL PK600D
1467,ATX 12V 3.1
1468,[PH-P650B_BK01]
1469,"держатели для кабелей, документация, кабельные стяжки"
1470,"NLP, OCP, OPP, OTP, OVP, SCP, UVP"
1471,PHANTEKS AMP BH 650
1472,"документация, кабельные стяжки, комплект кабелей, комплект крепежа"
1473,1800 об/мин
1474,A4Tech Bloody BD-PS650B
1475,744 Вт
1476,[ZM750-GVII]
1477,2.09 кг
1478,12V1 62A
1479,ZALMAN GigaMax (GVII) 750W
1480,200-240 В 50 Гц
1481,482 Вт
1482,[MC600]
1483,"документация, комплект кабелей"
1484,140 x 140 мм
1485,1.38 кг
1486,"OPP, OVP, SCP, SIP, UVP"
1487,полумодульный
1488,GiNZZU MC600
1489,[R-PK600D-FA0B-WGEU]
1490,DEEPCOOL GamerStorm PK600D
1491,115-230 В 50/60 Гц
1492,[BDF-600S-BULK-FOB]
1493,Chieftec Proton 600W BULK
1494,[APMM-600BD]
1495,"4 x 6+2 pin, 16 pin (12VHPWR)"
1496,Formula APMM-600BD
1497,вентилятор
1498,720 Вт
1499,12V1 60A
1500,"OCP, OPP, OVP, SCP, SIP, UVP"
1501,разноцветный
1502,GameMax VP-800-RGB
1503,[R-PK700D-FA0B-WGEU]
1504,DEEPCOOL GamerStorm PK700D
1505,[ZM650-GVII]
1506,2.01 кг
1507,ZALMAN GigaMax (GVII) 650W
1508,[R-PK650D-FA0B-EU]
1509,DEEPCOOL PK650D
1510,[17297]
1511,комплект кабелей
1512,12V1 66A
1513,GiNZZU MC800
1514,ATX 12V 3.0
1515,[R-PL650D-FC0B-WDEU-V2]
1516,"3 x 6+2 pin, 16 pin (12VHPWR)"
1517,"NLO, OCP, OPP, OTP, OVP, SCP, SIP, UVP"
1518,DEEPCOOL PL650D
1519,84 мес.
1520,ATX 12V 2.53
1521,649.2 Вт
1522,[Delta-P650-B1FDBK024X-EU]
1523,индивидуальная тканевая оплетка
1524,3 x 6+2 pin
1525,4 x 4+4 pin
1526,1100 мм
1527,1.62 кг
1528,12V1 54.1A
1529,Oсypus Delta P650
1530,630 Вт
1531,[APMM-700BD]
1532,12V1 52.5A
1533,Formula APMM-700BD
1534,588 Вт
1535,[CGR BSX-600]
1536,24 А
1537,1.82 кг
1538,12V1 49A
1539,Cougar VTX 600W
1540,540 мм
1541,[BDF-600S]
1542,Chieftec Proton 600W
1543,14 А
1544,85 мм
1545,157 мм
1546,1.54 кг
1547,Crown CM-PS750W PRO
1548,220-240 В 50 Гц
1549,[XP650R10]
1550,"OCP, OPP, OVP, SCP"
1551,Xilence Gaming series XN220 650W
1552,[KCAS-700W PLUS]
1553,Formula KCAS PLUS 700W
1554,[P5-YK750-B1FWBK1-EU]
1555,"4 x 6+2 pin, 16 pin (12V-2x6)"
1556,135 x 135 мм
1557,плоские кабели
1558,900 мм
1559,PCCooler YK750
1560,"12V1 22A, 12V2 22A"
1561,GameMax GP-650
1562,[R-PK750D-FA0B-WGEU]
1563,DEEPCOOL GamerStorm PK750D
1564,3 pin
1565,0.25 А
1566,23.1 дБ
1567,37.44 CFM
1568,18.4 Па
1569,104 мм
1570,прямой контакт тепловых трубок
1571,"документация, комплект крепления"
1572,в отдельной емкости
1573,6 мм
1574,92 x 92 мм
1575,2000 об/мин
1576,"AM2, AM2+, AM3, AM3+, AM4, AM5, FM1, FM2, FM2+, LGA 1150, LGA 1151, LGA 1151-v2, LGA 1155, LGA 1156, LGA 1200, LGA 1700, LGA 1851"
1577,скольжения (гидродинамический)
1578,75 мм
1579,370 г
1580,"радиатор, тепловые трубки"
1581,12 В
1582,башенный
1583,кулер для процессора
1584,серебристый
1585,ID-COOLING SE-903-SD V3
1586,алюминий\медь
1587,4 pin
1588,крыльчатка
1589,0.28 А
1590,25.6 дБ
1591,61.5 CFM
1592,18.1 Па
1593,комплект крепления
1594,"белый, черный"
1595,60 мм
1596,FRGB
1597,автоматическая (PWM)
1598,500 об/мин
1599,"LGA 1700, LGA 1851"
1600,400 г
1601,горизонтальный
1602,125 Вт
1603,ID-COOLING DK-07i RAINBOW
1604,0.15 А
1605,25.8 дБ
1606,45.8 CFM
1607,19 Па
1608,[SE-903-XT ARGB]
1609,"прозрачный, черный"
1610,ARGB
1611,600 об/мин
1612,"AM4, AM5, LGA 1150, LGA 1151, LGA 1151-v2, LGA 1155, LGA 1156, LGA 1200, LGA 1700, LGA 1851"
1613,3-pin 5V-D-G (ARGB)
1614,65 мм
1615,350 г
1616,тепловые трубки
1617,ID-COOLING SE-903-XT ARGB
1618,"AM4, AM5"
1619,ID-COOLING DK-07A RAINBOW
1620,[SE-903-XT BLACK]
1621,ID-COOLING SE-903-XT BLACK
1622,корпус вентилятора
1623,0.55 А
1624,25.4 дБ
1625,51.3 CFM
1626,13.8 Па
1627,136 мм
1628,[ACTC-CL30010.71]
1629,83 мм
1630,"AM2, AM2+, AM3, AM3+, AM4, FM1, FM2, LGA 775, LGA 1150, LGA 1151, LGA 1151-v2, LGA 1155, LGA 1156, LGA 1200, LGA 1700, LGA 1851"
1631,AeroCool Core Plus [LGA1700]
1632,"AM4, LGA 1150, LGA 1151, LGA 1151-v2, LGA 1155, LGA 1156, LGA 1200, LGA 1700, LGA 1851"
1633,ID-COOLING SE-903-XT
1634,0.13 А
1635,21 дБ
1636,55.5 CFM
1637,[DP-MCAC-ACP]
1638,"синий, черный"
1639,65.5 мм
1640,900 об/мин
1641,"754, 939, 940, AM2, AM2+, AM3, AM3+, AM4, AM5, FM1, FM2, LGA 775, LGA 1150, LGA 1151, LGA 1151-v2, LGA 1155, LGA 1156, LGA 1200"
1642,1600 об/мин
1643,315 г
1644,DEEPCOOL GAMMA ARCHER PRO
1645,"декоративная накладка, крыльчатка"
1646,28.2 дБ
1647,42 CFM
1648,15.3 Па
1649,90 мм
1650,[CR-1300 EVO Black]
1651,время наработки на отказ 30000 часов
1652,90 x 90 мм
1653,800 об/мин
1654,"AM4, AM5, LGA 1150, LGA 1151, LGA 1151-v2, LGA 1155, LGA 1156, LGA 1200, LGA 1700"
1655,радиатор
1656,160 Вт
1657,JONSBO CR-1300 EVO
1658,0.19 А
1659,30.5 дБ
1660,32.5 CFM
1661,38.2 Па
1662,[R-AG300-BKMNMN-G]
1663,нанесена на основание
1664,одноцветная (бирюзовая)
1665,3050 об/мин
1666,150 Вт
1667,DEEPCOOL AG300 MARRS
1668,28.3 дБ
1669,39.6 CFM
1670,88 мм
1671,[R200-XXNWYX-US]
1672,95 мм
1673,"основание, радиатор"
1674,PCCooler R200
1675,[CR-1300 EVO White]
1676,0.32 А
1677,59.48 CFM
1678,17.7 Па
1679,[CR-1000E White]
1680,время наработки на отказ 20000 часов
1681,154 мм
1682,"LGA 1150, LGA 1151, LGA 1151-v2, LGA 1155, LGA 1156, LGA 1200, LGA 1700"
1683,1500 об/мин
1684,210 Вт
1685,JONSBO CR-1000E
1686,36.75 CFM
1687,28.3 Па
1688,99 мм
1689,[R-AG300-BKNNMN-G]
1690,133 мм
1691,DEEPCOOL AG300
1692,48 CFM
1693,[D-CPC110-PWM1]
1694,"AM2, AM2+, AM3, AM3+, AM4, AM5, FM1, FM2, FM2+, LGA 1150, LGA 1151, LGA 1151-v2, LGA 1155, LGA 1156, LGA 1200, LGA 1366, LGA 1700"
1695,247 г
1696,Digma
1697,29.5 дБ
1698,79.5 CFM
1699,[PC-Z03CSRB]
1700,158 мм
1701,1750 об/мин
1702,74 мм
1703,450 г
1704,205 Вт
1705,PentaWave PC-Z03C SRB
1706,92 мм
1707,[ACTC-NA20210.02]
1708,142 мм
1709,"AM2, AM2+, AM3, AM3+, AM4, FM1, FM2, FM2+, LGA 775, LGA 1150, LGA 1151, LGA 1151-v2, LGA 1155, LGA 1156, LGA 1200, LGA 1700, LGA 1851ещё"
1710,62 мм
1711,AeroCool Verkho 2
1712,[CR-1000E Black]
1713,[D-CPC110-1]
1714,245 г
1715,0.14 А
1716,20 дБ
1717,36.8 CFM
1718,[CM000003667]
1719,57 мм
1720,1200 об/мин
1721,"AM2, AM2+, AM3, AM3+, AM4, AM5, FM1, FM2, LGA 1150, LGA 1151, LGA 1151-v2, LGA 1155, LGA 1156, LGA 1200, LGA 1700, LGA 1851"
1722,285 г
1723,Crown CM-91PWMv2
1724,0.2 А
1725,45 CFM
1726,[OG-CPC130FRGB-1]
1727,"AM2, AM2+, AM3, AM4, AM5, FM1, FM2, FM2+, LGA 775, LGA 1150, LGA 1151, LGA 1155, LGA 1156, LGA 1200, LGA 1366, LGA 1851, LGA 2011, LGA 2066ещё"
1728,453 г
1729,Oklick
1730,0.17 А
1731,31.6 дБ
1732,75.89 CFM
1733,24.8 Па
1734,[R-AG400-BKNNMN-G-1]
1735,72 мм
1736,614 г
1737,220 Вт
1738,DEEPCOOL AG400
1739,[SE-903-XT ARGB WHITE]
1740,ID-COOLING SE-903-XT ARGB WHITE
1741,26.6 дБ
1742,64.8 CFM
1743,18.3 Па
1744,500 г
1745,ID-COOLING SE-214-XT [LGA1700]
1746,2 x 4 pin
1747,59.6 CFM
1748,11.3 Па
1749,101 мм
1750,[ACTC-NA20230.03]
1751,"80 x 80 мм, 90 x 90 мм"
1752,2300 об/мин
1753,103 мм
1754,120 Вт
1755,AeroCool Verkho 2 Dual
1756,0.12 А
1757,40.94 CFM
1758,21.2 Па
1759,[CLPCC_R300_ARGB_BK]
1760,PCCooler R300 ARGB BK
1761,[R-AG300-BKLNMN-G]
1762,DEEPCOOL AG300 LED
1763,[SE-903-XT WHITE]
1764,ID-COOLING SE-903-XT WHITE
1765,33.8 дБ
1766,38.2 CFM
1767,19.6 Па
1768,[CR-1400 EVO Color White]
1769,"время наработки на отказ 40000 часов, прямой контакт тепловых трубок"
1770,70 мм
1771,341 г
1772,JONSBO CR-1400 EVO Color White
1773,[CR 1400 EVO Standard]
1774,JONSBO CR-1400 EVO Standard
1775,0.46 А
1776,25.7 дБ
1777,45.6 CFM
1778,12.5 Па
1779,114 мм
1780,[ACTC-AF20417.04]
1781,78 мм
1782,"AM2, AM2+, AM3, AM3+, AM4, AM5, FM1, FM2, LGA 775, LGA 1150, LGA 1151, LGA 1151-v2, LGA 1155, LGA 1156, LGA 1200, LGA 1700, LGA 1851ещё"
1783,горизонтально-башенный (Top-Flow)
1784,AeroCool Air Frost 4
1785,32.6 дБ
1786,86.5 CFM
1787,[PC-Z04CSRB]
1788,1950 об/мин
1789,495 г
1790,PentaWave PC-Z04C SRB
1791,28.6 дБ
1792,73.6 CFM
1793,[CLPCC_Paladin_EX300_S]
1794,490 г
1795,PCCooler Paladin EX300S
1796,0.11 А
1797,26.4 дБ
1798,48.4 CFM
1799,30.4 Па
1800,102 мм
1801,[CR-M9I]
1802,124.6 мм
1803,425 г
1804,"основание, тепловые трубки"
1805,Cryorig M9i
1806,медь
1807,0.1 А
1808,41 CFM
1809,21.6 Па
1810,105 мм
1811,[Gamma-A40-BK1NNWN00X-GL]
1812,100 x 100 мм
1813,93 мм
1814,385 г
1815,200 Вт
1816,Ocypus Gamma A40 BK
1817,[CLPCC_Paladin_EX400]
1818,PCCooler Paladin EX400
1819,DEEPCOOL AG300 WHITE ARGB
1820,33 дБ
1821,[AE904-XXSFPX-GL]
1822,126 мм
1823,XASTRA AE904 FRGB
1824,0.16 А
1825,17.8 Па
1826,[CR-1000 EVO Color]
1827,554 г
1828,JONSBO CR-1000 EVO Color Black
1829,29 дБ
1830,38.96 CFM
1831,[8017311000500]
1832,"AM3, AM4, AM5, LGA 1150, LGA 1151, LGA 1151-v2, LGA 1155, LGA 1156, LGA 1200, LGA 1700, LGA 1851"
1833,420 г
1834,ZALMAN CNPS4X
1835,[CR-1400 EVO ARGB]
1836,JONSBO CR-1400 EVO ARGB Black
1837,[CR-1000 EVO]
1838,JONSBO CR-1000 EVO
1839,0.23 А
1840,28.7 дБ
1841,37.8 CFM
1842,122 мм
1843,[CM000003656]
1844,53 мм
1845,95 x 95 мм
1846,"AM2, AM2+, AM3, LGA 775, LGA 1150, LGA 1151, LGA 1151-v2, LGA 1155, LGA 1156, LGA 1200, LGA 1700, LGA 1851"
1847,193 г
1848,Crown CM-S1250TPWM v2
1849,[CR-1400 EVO ARGB White]
1850,JONSBO CR-1400 EVO ARGB White
1851,[R400-BKNWYX-US]
1852,650 об/мин
1853,PCCooler R400 BK
1854,68.2 CFM
1855,ID-COOLING SE-214-XT ARGB [LGA1700]
1856,[CR-1000EVOARGB]
1857,JONSBO CR-1000 EVO ARGB
1858,[CR-1400EVOARGB]
1859,JONSBO CR-1400 EVO ARGB
1860,0.161 А
1861,24.3 дБ
1862,54.7 CFM
1863,14.7 Па
1864,528 г
1865,ARDOR GAMING Windstorm Z4
1866,[CR-M9A]
1867,"AM2, AM2+, AM3, AM3+, AM4, FM1, FM2, FM2+"
1868,CRYORIG M9a
1869,[CR-1400 V2 Color White]
1870,JONSBO CR-1400 V2 Color
1871,[CR1400EVO COLOR]
1872,JONSBO CR-1400 EVO Color
1873,[CR-1400 V2 Color Black]
1874,0.21 А
1875,73.5 CFM
1876,[AR400-BKNFPX-GL]
1877,503 г
1878,XASTRA AR400 BK
1879,B & M
1880,561 Мбайт/сек
1881,3 бит TLC
1882,0.57
1883,3D NAND
1884,22 мм
1885,240 ГБ
1886,SATA 3
1887,80 мм
1888,2.2 мм
1889,10 г
1890,[EX280465RUS]
1891,500 Мбайт/сек
1892,SSD M.2 накопитель
1893,2280
1894,3.3 Вт
1895,Silicon Motion SM2258XT
1896,100 ТБ
1897,ExeGate NextPro UV500TS240
1898,550 Мбайт/сек
1899,0.46
1900,2D NAND
1901,3.5 мм
1902,[TM8PS7256G0C101]
1903,470 Мбайт/сек
1904,128 ТБ
1905,TEAMGROUP MS30
1906,558 Мбайт/сек
1907,[EX280469RUS]
1908,490 Мбайт/сек
1909,ExeGate Next A2000TS240
1910,M
1911,1700 Мбайт/сек
1912,0.43
1913,PCIe 3.0 x4
1914,3.8 мм
1915,9 г
1916,[P300P256GM28]
1917,1100 Мбайт/сек
1918,2.07 Вт
1919,120 ТБ
1920,Patriot P300
1921,0.36
1922,[EX280472RUS]
1923,ExeGate NextPro+ UV500TS256
1924,1600 Мбайт/сек
1925,6 г
1926,[TM8FP6256G0C101]
1927,1000 Мбайт/сек
1928,Silicon Motion SM2263XT
1929,150 ТБ
1930,TEAMGROUP MP33
1931,1400 Мбайт/сек
1932,3.75 мм
1933,[EX282315RUS]
1934,850 Мбайт/сек
1935,80 ТБ
1936,ExeGate Next KC2000TP240
1937,3.65 мм
1938,[CN600 256GB]
1939,900 Мбайт/сек
1940,Colorful CN600
1941,2.23 мм
1942,[AP240GAST280-1]
1943,Phison PS3111-S11
1944,140 ТБ
1945,520 Мбайт/сек
1946,0.53
1947,7 г
1948,495 Мбайт/сек
1949,1.4 Вт
1950,Apacer AST280
1951,84000 IOPS
1952,0.45
1953,3.05 мм
1954,[TGM30256A58]
1955,ASolid AS2258
1956,125 ТБ
1957,"Корея, Республика"
1958,Tammuz GKM330
1959,165000 IOPS
1960,2100 Мбайт/сек
1961,0.71
1962,2.25 мм
1963,6.8 г
1964,[AP256GAS2280P4-1]
1965,1300 Мбайт/сек
1966,170 ТБ
1967,Apacer AS2280P4
1968,265000 IOPS
1969,1500 Мбайт/сек
1970,0.29
1971,[EX282321RUS]
1972,ExeGate NextPro+ KC2000TP256
1973,3.7 мм
1974,6.7 г
1975,[TGM30240A58]
1976,560 Мбайт/сек
1977,0.5
1978,2.1 мм
1979,[NT01N535N-256G-N8X]
1980,Netac N535N
1981,80000 IOPS
1982,[ASU650NS38-256GT-C]
1983,ADATA Ultimate SU650
1984,60000 IOPS
1985,0.72
1986,[Q3DT-256GMSY-M2]
1987,530 Мбайт/сек
1988,Maxiotek MAS1102A
1989,135 ТБ
1990,QUMO Novation
1991,150000 IOPS
1992,2040 Мбайт/сек
1993,0.54
1994,8 г
1995,[NT01N930E-256G-E4X]
1996,1270 Мбайт/сек
1997,Netac N930E Pro
1998,180000 IOPS
1999,[AGI256G80AI198R]
2000,MTBF (среднее время безотказной работы) до 1 600 000 часов
2001,AGI AI198R
2002,1950 Мбайт/сек
2003,[AGI256G66AI198]
2004,1200 Мбайт/сек
2005,AGI Al198
2006,90000 IOPS
2007,3.13 мм
2008,[ALEG-710-256GCS]
2009,Realtek RTS5766DL
2010,65 ТБ
2011,0.23
2012,алюминиевый радиатор
2013,ADATA LEGEND 710
2014,130000 IOPS
2015,125000 IOPS
2016,3000 Мбайт/сек
2017,0.4
2018,3 мм
2019,[ALMAYM1024-AL1282]
2020,4 Вт
2021,187.5 ТБ
2022,ARDOR GAMING Ally AL1282
2023,285000 IOPS
2024,4 бит QLC
2025,0.33
2026,250 ГБ
2027,2.9 мм
2028,[NT01NV3000-250-E4X]
2029,Netac NV3000
2030,330000 IOPS
2031,3400 Мбайт/сек
2032,0.9
2033,3100 Мбайт/сек
2034,3.4 Вт
2035,MaxioTek MAP1202A-F1C
2036,графеновый рассеиватель тепла (наклейка)
2037,KingSpec NX-256
2038,250000 IOPS
2039,460 Мбайт/сек
2040,[SP256GBSS3A55M28]
2041,450 Мбайт/сек
2042,Silicon Power A55
2043,83500 IOPS
2044,3.43 Вт
2045,KingSpec NT-256
2046,68700 IOPS
2047,2500 Мбайт/сек
2048,[K256P3M28TP3000]
2049,Kimtigo TP-3000
2050,[SSDM2PCIEF256GB]
2051,1800 Мбайт/сек
2052,OCPC MFL-300
2053,110000 IOPS
2054,76400 IOPS
2055,2000 Мбайт/сек
2056,0.62
2057,3.15 Вт
2058,174 ТБ
2059,KingSpec NE-256
2060,96200 IOPS
2061,0.32
2062,[SP256GBP34A60M28]
2063,Silicon Power P34A60
2064,MTBF (среднее время безотказной работы) до 1 500 000 часов
2065,SunWind SWSSD256GN3T
2066,[HS-SSD-E1000/256G]
2067,1260 Мбайт/сек
2068,3.9 Вт
2069,160 ТБ
2070,HIKVision E1000
2071,[NT01NV2000-256-E4X]
2072,Netac NV2000
2073,210000 IOPS
2074,3500 Мбайт/сек
2075,0.61
2076,10.3 г
2077,[AP256GAS2280P4UPRO-1]
2078,Apacer AS2280P4U PRO
2079,315000 IOPS
2080,[AGI256G16AI198]
2081,AGI AI198
2082,120000 IOPS
2083,2.4 мм
2084,[2YY43AA#ABB]
2085,0.37
2086,5.4 г
2087,2.99 Вт
2088,HP EX900
2089,105000 IOPS
2090,[AP256GAS2280P4X-1]
2091,Apacer AS2280P4X
2092,240000 IOPS
2093,[AGL281G256]
2094,Maxio MAP1202
2095,Беларусь
2096,1.8 Вт
2097,ARDOR GAMING Lore L281
2098,290000 IOPS
2099,1900 Мбайт/сек
2100,[ALEG-700-256GCS]
2101,ADATA LEGEND 700
2102,[16L55AA#ABB]
2103,178 ТБ
2104,HP S750
2105,[ASU650NS38-240GT-C]
2106,Maxio MAS0902A-B2C
2107,[AP256GAS2280P4U-1]
2108,Apacer AS2280P4U
2109,2.3 мм
2110,[TGV70256S63]
2111,Tammuz GKV700
2112,195000 IOPS
2113,3230 Мбайт/сек
2114,0.24
2115,22.15 мм
2116,80.15 мм
2117,2.38 мм
2118,[HS-SSD-E3000/256G]
2119,1240 Мбайт/сек
2120,112 ТБ
2121,Hikvision E3000
2122,3200 Мбайт/сек
2123,[CN600 256GB PRO]
2124,Colorful CN600 PRO
2125,2 мм
2126,[SBSSD256-STE14-M2P3]
2127,1850 Мбайт/сек
2128,Smartbuy Stream E14
2129,[NFP045PCI56-34H1200]
2130,Neo Forza NFP045
2131,0.27
2132,[SBSSD256-STP12-M2P3]
2133,Smartbuy Stream P12
2134,0.34
2135,3.1 мм
2136,[BL.9BWWA.113]
2137,517 Мбайт/сек
2138,Acer RE100
2139,100000 IOPS
2140,0.8
2141,[Q3DT-256GHHY-NM2]
2142,1290 Мбайт/сек
2143,350000 IOPS
2144,0.64
2145,[GP-GSM2NE3256GNTD]
2146,2.6 Вт
2147,Phison PS5008-E8-10
2148,300 ТБ
2149,GIGABYTE NVMe SSD
2150,2200 Мбайт/сек
2151,0.26
2152,11 г
2153,[P320P256GM28]
2154,Patriot P320
2155,450000 IOPS
2156,4600 Мбайт/сек
2157,PCIe 4.0 x4
2158,3.2 мм
2159,2600 Мбайт/сек
2160,DEXP LS1
2161,600000 IOPS
2162,78000 IOPS
2163,[TS240GMTS820]
2164,0.3
2165,420 Мбайт/сек
2166,3.41 Вт
2167,Transcend MTS820
2168,3300 Мбайт/сек
2169,0.31
2170,[SP250GBP44UD8505]
2171,Silicon Power UD85
