id,category_id,name,description
16,1,MSI GeForce 210,"[PCIe 2.0 1 ГБ GDDR3, 64 бит, DVI-I, HDMI, VGA (D-Sub), GPU 460 МГц]"
17,1,KFA2 GeForce 210,"[PCIe 2.0 1 ГБ GDDR3, 64 бит, DVI-I, HDMI, VGA (D-Sub), GPU 520 МГц]"
18,1,KFA2 GeForce GT 710,"[PCIe 2.0 2 ГБ GDDR3, 64 бит, DVI-D, HDMI, VGA (D-Sub), GPU 954 МГц]"
19,1,MSI GeForce GT 710 Silent LP,"[PCIe 2.0 2 ГБ GDDR3, 64 бит, DVI-D, HDMI, VGA (D-Sub), GPU 954 МГц]"
20,1,AFOX GeForce GT 710,"[PCIe 2.0 DDR3, DVI-D, HDMI, VGA (D-Sub)]"
21,1,ASUS GeForce GT 710 EVO,"[PCIe 2.0 2 ГБ GDDR5, 64 бит, DVI-D, HDMI, VGA (D-Sub), GPU 954 МГц]"
22,1,ZOTAC GeForce GT 710,"[PCIe 2.0 2 ГБ GDDR3, 64 бит, DVI-D, HDMI, VGA (D-Sub), GPU 954 МГц]"
23,1,INNO3D GeForce GT 710 Silent LP,"[PCIe 2.0 2 ГБ GDDR3, 64 бит, DVI-D, HDMI, VGA (D-Sub), GPU 954 МГц]"
24,1,MSI GeForce GT 730,"[PCIe 2.0 2 ГБ GDDR3, 128 бит, DVI-I, HDMI, VGA (D-Sub), GPU 700 МГц]"
25,1,GIGABYTE GeForce GT 710 LP (rev. 2.0),"[PCIe 2.0 2 ГБ GDDR3, 64 бит, DVI-D, HDMI, VGA (D-Sub), GPU 954 МГц]"
26,1,MSI GeForce GT 730 Silent LP,"[PCIe 2.0 2 ГБ GDDR3, 64 бит, DVI-D, HDMI, VGA (D-Sub), GPU 902 МГц]"
27,1,PowerColor AMD Radeon R7 240,"[PCIe 3.0 2 ГБ GDDR5, 64 бит, DVI-D, HDMI, GPU 730 МГц]"
28,1,GIGABYTE GeForce GT 730,"[PCIe 2.0 2 ГБ DDR3, 64 бит, DVI-D, HDMI, VGA (D-Sub), GPU 902 МГц]"
29,1,MSI GeForce GT 730,"[PCIe 2.0 2 ГБ GDDR3, 64 бит, DVI-D, HDMI, VGA (D-Sub), GPU 902 МГц]"
30,1,MSI GeForce 210,"[PCIe 2.0 1 ГБ GDDR3, 64 бит, DVI-I, HDMI, VGA (D-Sub), GPU 460 МГц]"
31,1,KFA2 GeForce 210,"[PCIe 2.0 1 ГБ GDDR3, 64 бит, DVI-I, HDMI, VGA (D-Sub), GPU 520 МГц]"
32,1,KFA2 GeForce GT 710,"[PCIe 2.0 2 ГБ GDDR3, 64 бит, DVI-D, HDMI, VGA (D-Sub), GPU 954 МГц]"
33,1,MSI GeForce GT 710 Silent LP,"[PCIe 2.0 2 ГБ GDDR3, 64 бит, DVI-D, HDMI, VGA (D-Sub), GPU 954 МГц]"
34,1,AFOX GeForce GT 710,"[PCIe 2.0 DDR3, DVI-D, HDMI, VGA (D-Sub)]"
35,1,ASUS GeForce GT 710 EVO,"[PCIe 2.0 2 ГБ GDDR5, 64 бит, DVI-D, HDMI, VGA (D-Sub), GPU 954 МГц]"
36,1,ZOTAC GeForce GT 710,"[PCIe 2.0 2 ГБ GDDR3, 64 бит, DVI-D, HDMI, VGA (D-Sub), GPU 954 МГц]"
37,1,INNO3D GeForce GT 710 Silent LP,"[PCIe 2.0 2 ГБ GDDR3, 64 бит, DVI-D, HDMI, VGA (D-Sub), GPU 954 МГц]"
38,1,GIGABYTE GeForce GT 710 LP,"[PCIe 2.0 2 ГБ GDDR3, 64 бит, DVI-D, HDMI, VGA (D-Sub), GPU 954 МГц]"
39,1,MSI GeForce GT 730,"[PCIe 2.0 2 ГБ GDDR3, 128 бит, DVI-I, HDMI, VGA (D-Sub), GPU 700 МГц]"
40,1,GIGABYTE GeForce GT 710 LP (rev. 2.0),"[PCIe 2.0 2 ГБ GDDR3, 64 бит, DVI-D, HDMI, VGA (D-Sub), GPU 954 МГц]"
41,1,MSI GeForce GT 730 Silent LP,"[PCIe 2.0 2 ГБ GDDR3, 64 бит, DVI-D, HDMI, VGA (D-Sub), GPU 902 МГц]"
42,1,PowerColor AMD Radeon R7 240,"[PCIe 3.0 2 ГБ GDDR5, 64 бит, DVI-D, HDMI, GPU 730 МГц]"
43,1,GIGABYTE GeForce GT 730,"[PCIe 2.0 2 ГБ DDR3, 64 бит, DVI-D, HDMI, VGA (D-Sub), GPU 902 МГц]"
44,1,MSI GeForce GT 730,"[PCIe 2.0 2 ГБ GDDR3, 64 бит, DVI-D, HDMI, VGA (D-Sub), GPU 902 МГц]"
45,1,KFA2 GeForce GT 730,"[PCIe 2.0 4 ГБ DDR3, 128 бит, DVI-I, HDMI, VGA (D-Sub), GPU 700 МГц]"
46,1,ASUS GeForce GT 730 Silent LP,"[PCIe 2.0 2 ГБ GDDR5, 64 бит, DVI-D, HDMI, VGA (D-Sub), GPU 902 МГц]"
47,1,ASUS GeForce GT 730 BRK EVO,"[PCIe 2.0 2 ГБ GDDR3, 64 бит, DVI-D, HDMI, VGA (D-Sub), GPU 902 МГц]"
48,1,GIGABYTE GeForce GT 1030 Low Profile D4 2G,"[PCIe 3.0 2 ГБ DDR4, 64 бит, DVI-D, HDMI, GPU 1151 МГц]"
49,1,MSI GeForce GT 730,"[PCIe 2.0 4 ГБ DDR3, 128 бит, DVI-I, HDMI, VGA (D-Sub)]"
50,1,ASUS GeForce GT 730,"[PCIe 2.0 2 ГБ GDDR5, 64 бит, 4 x HDMI, GPU 902 МГц]"
51,1,PowerColor AMD Radeon RX 550 Red Dragon LP,"[PCIe 3.0 4 ГБ GDDR5, 128 бит, DVI-D, HDMI, GPU 1071 МГц]"
52,1,MSI GeForce GT 730,"[PCIe 2.0 4 ГБ GDDR3, 64 бит, DVI-D, HDMI, VGA (D-Sub), GPU 902 МГц]"
53,1,Palit GeForce GT 1030,"[PCIe 3.0 2 ГБ DDR4, 64 бит, DVI-D, HDMI, GPU 1151 МГц]"
54,1,ASRock AMD Radeon RX 550 Low Profile,"[PCIe 3.0 4 ГБ GDDR5, 128 бит, DisplayPort, HDMI, GPU 1100 МГц]"
55,1,ASUS GeForce GT 1030 LP,"[PCIe 3.0 2 ГБ GDDR5, 64 бит, DisplayPort, HDMI, GPU 1228 МГц]"
56,1,GIGABYTE GeForce GT 1030,"[PCIe 3.0 2 ГБ GDDR5, 64 бит, DVI-D, HDMI, GPU 1227 МГц]"
57,1,ASRock AMD Radeon RX 550 Phantom Gaming,"[PCIe 3.0 4 ГБ GDDR5, 128 бит, DisplayPort, DVI-D, HDMI, GPU 1100 МГц]"
58,1,ASUS GeForce GT 1030 Phoenix,"[PCIe 3.0 2 ГБ GDDR5, 64 бит, DVI-D, HDMI, GPU 1252 МГц]"
59,1,ASUS GeForce GT 1030 Silent LP,"[PCIe 3.0 2 ГБ GDDR5, 64 бит, DVI-D, HDMI, GPU 1228 МГц]"
60,1,ZOTAC GeForce GT 1030 LP,"[PCIe 3.0 2 ГБ GDDR5, 64 бит, DVI-D, HDMI, GPU 1227 МГц]"
61,1,KFA2 GeForce GT 1030,"[PCIe 3.0 2 ГБ GDDR5, 64 бит, DVI-D, HDMI, GPU 1227 МГц]"
62,1,GIGABYTE GeForce GT 1030 OC,"[PCIe 3.0 2 ГБ GDDR5, 64 бит, DVI-D, HDMI, GPU 1265 МГц]"
63,1,ASRock Intel Arc A310 Low Profile,"[PCIe 4.0 4 ГБ GDDR6, 64 бит, DisplayPort, HDMI, GPU 2000 МГц]"
64,1,MSI GeForce GT 1030,"[PCIe 3.0 4 ГБ DDR4, 64 бит, DisplayPort, HDMI, GPU 1152 МГц]"
65,1,Sapphire AMD Radeon RX 550 PULSE OC,"[PCIe 3.0 4 ГБ GDDR5, 128 бит, DisplayPort, DVI-D, HDMI, GPU 1100 МГц]"
66,1,ASRock Intel Arc A380 Low Profile,"[PCIe 4.0 6 ГБ GDDR6, 96 бит, DisplayPort, HDMI, GPU 2000 МГц]"
67,1,ASRock Intel Arc A380 Challenger ITX OC,"[PCIe 4.0 6 ГБ GDDR6, 96 бит, 3 x DisplayPort, HDMI, GPU 2000 МГц]"
68,1,ASRock Radeon RX 6400 Challenger ITX,"[PCIe 4.0 4 ГБ GDDR6, 64 бит, DisplayPort, HDMI, GPU 1923 МГц]"
69,1,Sapphire AMD Radeon RX 6400 PULSE,"[PCIe 4.0 4 ГБ GDDR6, 64 бит, DisplayPort, HDMI, GPU 1923 МГц]"
70,1,ASRock AMD Radeon RX 6500 XT Challenger ITX,"[PCIe 4.0 4 ГБ GDDR6, 64 бит, DisplayPort, HDMI, GPU 2310 МГц]"
71,1,ASRock AMD Radeon RX 6500 XT Phantom Gaming D OC,"[PCIe 4.0 4 ГБ GDDR6, 64 бит, DisplayPort, HDMI, GPU 2365 МГц]"
72,1,PowerColor AMD Radeon RX 6400 ITX,"[PCIe 4.0 4 ГБ GDDR6, 64 бит, DisplayPort, HDMI, GPU 1923 МГц]"
73,1,GIGABYTE Intel Arc A310 WINDFORCE,"[PCIe 4.0 4 ГБ GDDR6, 64 бит, 2 x DisplayPort, 2 x HDMI, GPU 2000 МГц]"
74,1,PowerColor AMD Radeon RX 6500 XT Fighter,"[PCIe 4.0 4 ГБ GDDR6, 64 бит, DisplayPort, HDMI, GPU 2310 МГц]"
75,1,Sapphire AMD Radeon RX 6500 XT ITX PULSE PURE GAMING OC,"[PCIe 4.0 4 ГБ GDDR6, 64 бит, DisplayPort, HDMI, GPU 2310 МГц]"
76,1,Sapphire AMD Radeon RX 6500 XT PULSE OC,"[PCIe 4.0 4 ГБ GDDR6, 64 бит, DisplayPort, HDMI, GPU 2310 МГц]"
77,1,Sapphire AMD Radeon RX 6500 XT PULSE GAMING OC,"[PCIe 4.0 4 ГБ GDDR6, 64 бит, DisplayPort, HDMI, GPU 2310 МГц]"
78,1,PowerColor AMD Radeon RX 6500 XT ITX,"[PCIe 4.0 4 ГБ GDDR6, 64 бит, DisplayPort, HDMI, GPU 2310 МГц]"
79,1,KFA2 GeForce GTX 1650 X Black,"[PCIe 3.0 4 ГБ GDDR6, 128 бит, DisplayPort, DVI-D, HDMI, GPU 1410 МГц]"
80,1,Palit GeForce RTX 3050 StormX,"[PCIe 4.0 6 ГБ GDDR6, 96 бит, DisplayPort, DVI-D, HDMI, GPU 1042 МГц]"
81,1,GIGABYTE Intel Arc A380 GAMING OC,"[PCIe 4.0 6 ГБ GDDR6, 96 бит, 2 x DisplayPort, 2 x HDMI, GPU 2000 МГц]"
82,1,MSI GeForce RTX 3050 GAMING,"[PCIe 4.0 6 ГБ GDDR6, 96 бит, 2 x HDMI, DisplayPort, GPU 1042 МГц]"
83,1,ASUS GeForce RTX 3050 Dual OC Edition,"[PCIe 4.0 6 ГБ GDDR6, 96 бит, DisplayPort, DVI-D, HDMI, GPU 1042 МГц]"
84,1,MSI GeForce GTX 1650 D6 VENTUS XS OCV3,"[PCIe 3.0 4 ГБ GDDR6, 128 бит, DisplayPort, DVI-D, HDMI, GPU 1485 МГц]"
85,1,Sapphire AMD Radeon RX 6500 XT PULSE OC,"[PCIe 4.0 8 ГБ GDDR6, 64 бит, DisplayPort, HDMI]"
86,1,GIGABYTE AMD Radeon RX 6500 XT GAMING OC,"[PCIe 4.0 4 ГБ GDDR6, 64 бит, DisplayPort, HDMI, GPU 2310 МГц]"
87,1,ASRock AMD Radeon RX 6500 XT Phantom Gaming,"[PCIe 4.0 8 ГБ GDDR6, 64 бит, DisplayPort, HDMI, GPU 2420 МГц]"
88,1,Palit GeForce RTX 3050 StormX V1,"[PCIe 4.0 6 ГБ GDDR6, 96 бит, DisplayPort, DVI-D, HDMI, GPU 1042 МГц]"
89,1,KFA2 GeForce RTX 3050 X Black,"[PCIe 4.0 6 ГБ GDDR6, 96 бит, DisplayPort, DVI-D, HDMI, GPU 1040 МГц]"
90,1,GIGABYTE Intel Arc A380 WINDFORCE OC,"[PCIe 4.0 6 ГБ GDDR6, 96 бит, 2 x DisplayPort, 2 x HDMI, GPU 2000 МГц]"
91,1,Palit GeForce RTX 3050 StormX OC,"[PCIe 4.0 6 ГБ GDDR6, 96 бит, DisplayPort, DVI-D, HDMI, GPU 1042 МГц]"
92,1,MSI GeForce RTX 3050 VENTUS 2X E OC,"[PCIe 4.0 6 ГБ GDDR6, 96 бит, 2 x HDMI, DisplayPort, GPU 1042 МГц]"
93,1,Palit GeForce RTX 3050 StormX OC,"[PCIe 4.0 6 ГБ GDDR6, 96 бит, DisplayPort, DVI-D, HDMI, GPU 1042 МГц]"
94,1,MSI Geforce RTX 3050 LP OC,"[PCIe 4.0 6 ГБ GDDR6, 96 бит, 2 x HDMI, DisplayPort, GPU 1042 МГц]"
95,1,MSI Geforce RTX 3050 LP,"[PCIe 4.0 6 ГБ GDDR6, 96 бит, 2 x HDMI, DisplayPort, GPU 1042 МГц]"
96,1,PNY Quadro T400,"[PCIe 3.0 4 ГБ GDDR6, 64 бит, 3 x Mini DisplayPort, GPU 1070 МГц]"
97,1,GIGABYTE GeForce RTX 3050 OC Low Profile,"[PCIe 4.0 6 ГБ GDDR6, 96 бит, 2 x DisplayPort, 2 x HDMI, GPU 1042 МГц]"
98,1,Zotac GeForce RTX 3050 LP,"[PCIe 4.0 6 ГБ GDDR6, 96 бит, DisplayPort, HDMI, GPU 1042 МГц]"
99,1,GIGABYTE GeForce RTX 3050 WINDFORCE V2 OC,"[PCIe 4.0 6 ГБ GDDR6, 96 бит, 2 x DisplayPort, 2 x HDMI, GPU 1042 МГц]"
100,1,MSI GeForce RTX 3050 VENTUS 2X OC,"[PCIe 4.0 6 ГБ GDDR6, 96 бит, 2 x HDMI, DisplayPort, GPU 1042 МГц]"
101,1,NVIDIA Quadro T400,"[PCIe 3.0 4 ГБ GDDR6, 64 бит, 3 x Mini DisplayPort, GPU 420 МГц]"
102,1,ASUS GeForce RTX 3050 LP BRK OC Edition,"[PCIe 4.0 6 ГБ GDDR6, 96 бит, DisplayPort, DVI-D, HDMI, GPU 1042 МГц]"
103,1,MSI GeForce RTX 3050 GAMING X,"[PCIe 4.0 6 ГБ GDDR6, 96 бит, 2 x HDMI, DisplayPort, GPU 1042 МГц]"
104,1,ASRock Intel Arc A580 Challenger OC,"[PCIe 4.0 8 ГБ GDDR6, 256 бит, 3 x DisplayPort, HDMI, GPU 1700 МГц]"
105,1,INNO3D GeForce RTX 3050 TWIN X2,"[PCIe 4.0 6 ГБ GDDR6, 96 бит, DisplayPort, DVI-D, HDMI, GPU 1042 МГц]"
106,1,Gainward GeForce RTX 3050 Pegasus OC,"[PCIe 4.0 6 ГБ GDDR6, 96 бит, DisplayPort, DVI-D, HDMI, GPU 1042 МГц]"
107,1,Gainward GeForce RTX 3050 Pegasus,"[PCIe 4.0 6 ГБ GDDR6, 96 бит, DisplayPort, DVI-D, HDMI, GPU 1042 МГц]"
108,1,Palit GeForce RTX 3050 StormX,"[PCIe 4.0 8 ГБ GDDR6, 128 бит, DisplayPort, DVI-D, HDMI, GPU 1552 МГц]"
109,1,Palit GeForce RTX 3050 KalmX,"[PCIe 4.0 6 ГБ GDDR6, 96 бит, DisplayPort, DVI-D, HDMI, GPU 1042 МГц]"
110,1,Zotac GeForce RTX 3050 SOLO,"[PCIe 4.0 6 ГБ GDDR6, 96 бит, 3 x DisplayPort, HDMI, GPU 1042 МГц]"
111,1,GIGABYTE AMD Radeon RX 6500 XT EAGLE,"[PCIe 4.0 4 ГБ GDDR6, 64 бит, DisplayPort, HDMI, GPU 2310 МГц]"
112,1,Palit GeForce RTX 3050 Dual,"[PCIe 4.0 8 ГБ GDDR6, 128 бит, DisplayPort, DVI-D, HDMI, GPU 1552 МГц]"
113,1,GIGABYTE GeForce RTX 3050 WINDFORCE OC,"[PCIe 4.0 6 ГБ GDDR6, 96 бит, 2 x DisplayPort, 2 x HDMI, GPU 1042 МГц]"
114,1,Gainward GeForce RTX 3050 Ghost,"[PCIe 4.0 8 ГБ GDDR6, 128 бит, DisplayPort, DVI-D, HDMI, GPU 1552 МГц]"
115,1,INNO3D GeForce RTX 3050 TWIN X2,"[PCIe 4.0 8 ГБ GDDR6, 128 бит, DisplayPort, DVI-D, HDMI, GPU 1552 МГц]"
116,1,KFA2 GeForce RTX 3050 X Black,"[PCIe 4.0 8 ГБ GDDR6, 128 бит, 3 x DisplayPort, HDMI, GPU 1552 МГц]"
117,1,MSI Geforce RTX 3050 VENTUS 2X XS WHITE OC,"[PCIe 4.0 8 ГБ GDDR6, 128 бит, DisplayPort, DVI-D, HDMI, GPU 1552 МГц]"
118,1,MSI Geforce RTX 3050 VENTUS 2X XS,"[PCIe 4.0 8 ГБ GDDR6, 128 бит, DisplayPort, DVI-D, HDMI, GPU 1552 МГц]"
119,1,ASRock Intel Arc A750 Challenger D OC,"[PCIe 4.0 8 ГБ GDDR6, 256 бит, 2 x DisplayPort, 2 x HDMI, GPU 2050 МГц]"
120,1,INNO3D GeForce RTX 3050 TWIN X2 OC,"[PCIe 4.0 8 ГБ GDDR6, 128 бит, DisplayPort, DVI-D, HDMI, GPU 1552 МГц]"
121,1,ASRock Intel Arc A750 Challenger SE OC,"[PCIe 4.0 8 ГБ GDDR6, 256 бит, 3 x DisplayPort, HDMI, GPU 2200 МГц]"
122,1,Palit GeForce RTX 3050 Dual OC V1,"[PCIe 4.0 8 ГБ GDDR6, 128 бит, DisplayPort, DVI-D, HDMI, GPU 1552 МГц]"
123,1,ASUS GeForce RTX 3050 Phoenix,"[PCIe 4.0 8 ГБ GDDR6, 128 бит, DisplayPort, DVI-D, HDMI, GPU 1552 МГц]"
124,1,KFA2 GeForce RTX 3050 X White,"[PCIe 4.0 8 ГБ GDDR6, 128 бит, 3 x DisplayPort, HDMI, GPU 1552 МГц]"
125,1,ASUS GeForce RTX 3050 Dual V2 OC Edition,"[PCIe 4.0 8 ГБ GDDR6, 128 бит, DisplayPort, DVI-D, HDMI, GPU 1552 МГц]"
126,1,MSI GeForce RTX 3050 VENTUS 2X XS OC,"[PCIe 4.0 8 ГБ GDDR6, 128 бит, DisplayPort, DVI-D, HDMI, GPU 1552 МГц]"
127,1,ASRock AMD Radeon RX 6600 Challenger D,"[PCIe 4.0 8 ГБ GDDR6, 128 бит, 3 x DisplayPort, HDMI, GPU 1626 МГц]"
128,1,PowerColor AMD Radeon RX 6600 Fighter,"[PCIe 4.0 8 ГБ GDDR6, 128 бит, 3 x DisplayPort, HDMI, GPU 1626 МГц]"
129,1,ASRock AMD Radeon RX 6600 Challenger White,"[PCIe 4.0 8 ГБ GDDR6, 128 бит, 3 x DisplayPort, HDMI, GPU 1626 МГц]"
130,1,ZOTAC GeForce RTX 3050 ECO SOLO,"[PCIe 4.0 8 ГБ GDDR6, 128 бит, 3 x DisplayPort, HDMI, GPU 1552 МГц]"
131,1,GIGABYTE GeForce RTX 3050 WINDFORCE OC V2,"[PCIe 4.0 8 ГБ GDDR6, 128 бит, 2 x DisplayPort, 2 x HDMI, GPU 1552 МГц]"
132,1,PNY Quadro T400,"[PCIe 3.0 4 ГБ GDDR6, 64 бит, 3 x Mini DisplayPort, GPU 1070 МГц]"
133,1,ZOTAC GeForce RTX 3050 ECO,"[PCIe 4.0 8 ГБ GDDR6, 128 бит, 3 x DisplayPort, HDMI, GPU 1552 МГц]"
134,1,Sapphire AMD Radeon RX 6600 PULSE,"[PCIe 4.0 8 ГБ GDDR6, 128 бит, 3 x DisplayPort, HDMI, GPU 1626 МГц]"
135,1,PowerColor AMD Radeon RX 7600 Fighter,"[PCIe 4.0 8 ГБ GDDR6, 128 бит, 3 x DisplayPort, HDMI, GPU 1720 МГц]"
136,1,GIGABYTE AMD Radeon RX 6600 EAGLE,"[PCIe 4.0 8 ГБ GDDR6, 128 бит, 2 x DisplayPort, 2 x HDMI, GPU 1626 МГц]"
137,1,INNO3D GeForce RTX 3060 TWIN X2 (LHR),"[PCIe 4.0 12 ГБ GDDR6, 192 бит, 3 x DisplayPort, HDMI, GPU 1320 МГц]"
138,2,AMD A6-7480 OEM,"[FM2+, 2 x 3.5 ГГц, L2 - 1 МБ, 2 х DDR3-2133 МГц, AMD Radeon R5, TDP 65 Вт]"
139,2,AMD Athlon X4 950 OEM,"[AM4, 4 x 3.5 ГГц, L2 - 2 МБ, 2 х DDR4-2400 МГц, TDP 65 Вт]"
140,2,AMD A6-9500E OEM,"[AM4, 2 x 3 ГГц, L2 - 1 МБ, 2 х DDR4-2400 МГц, AMD Radeon R5, TDP 35 Вт]"
141,2,AMD A6-9500 OEM,"[AM4, 2 x 3.5 ГГц, L2 - 1 МБ, 2 х DDR4-2400 МГц, AMD Radeon R5, TDP 65 Вт]"
142,2,AMD A8-7680 OEM,"[FM2+, 4 x 3.5 ГГц, L2 - 2 МБ, 2 х DDR3-2133 МГц, AMD Radeon R7, TDP 65 Вт]"
143,2,Intel Pentium G4560 OEM,"[LGA 1151, 2 x 3.5 ГГц, L2 - 0.5 МБ, L3 - 3 МБ, 2 х DDR3L, DDR4-2400 МГц, Intel HD Graphics 610, TDP 54 Вт]"
144,2,AMD FX-4300 BOX,"[AM3+, 4 x 3.8 ГГц, L2 - 4 МБ, L3 - 4 МБ, 2 х DDR3-1866 МГц, TDP 95 Вт, кулер]"
145,2,AMD Athlon 200GE OEM,"[AM4, 2 x 3.2 ГГц, L2 - 1 МБ, L3 - 4 МБ, 2 х DDR4-2667 МГц, AMD Radeon Vega 3, TDP 35 Вт]"
146,2,Intel Pentium Gold G5500 OEM,"[LGA 1151-v2, 2 x 3.8 ГГц, L2 - 0.5 МБ, L3 - 4 МБ, 2 х DDR4-2400 МГц, Intel UHD Graphics 630, TDP 54 Вт]"
147,2,AMD Athlon PRO 300GE OEM,"[AM4, 2 x 3.4 ГГц, L2 - 1 МБ, L3 - 4 МБ, 2 х DDR4-2667 МГц, AMD Radeon Vega 3, TDP 35 Вт]"
148,2,Intel Celeron G5900 OEM,"[LGA 1200, 2 x 3.4 ГГц, L2 - 0.5 МБ, L3 - 2 МБ, 2 х DDR4-2666 МГц, Intel UHD Graphics 610, TDP 58 Вт]"
149,2,Intel Celeron G5905 OEM,"[LGA 1200, 2 x 3.5 ГГц, L2 - 0.5 МБ, L3 - 4 МБ, 2 х DDR4-2666 МГц, Intel UHD Graphics 610, TDP 58 Вт]"
150,2,AMD Athlon 3000G OEM,"[AM4, 2 x 3.5 ГГц, L2 - 1 МБ, L3 - 4 МБ, 2 х DDR4-2666 МГц, AMD Radeon Vega 3, TDP 35 Вт]"
151,2,Intel Pentium Gold G6400 OEM,"[LGA 1200, 2 x 4 ГГц, L2 - 0.5 МБ, L3 - 4 МБ, 2 х DDR4-2666 МГц, Intel UHD Graphics 610, TDP 58 Вт]"
152,2,Intel Celeron G5925 OEM,"[LGA 1200, 2 x 3.6 ГГц, L2 - 0.5 МБ, L3 - 4 МБ, 2 х DDR4-2666 МГц, Intel UHD Graphics 610, TDP 58 Вт]"
153,2,Intel Core i3-12100F OEM,"[LGA 1700, 4 x 3.3 ГГц, L2 - 5 МБ, L3 - 12 МБ, 2 х DDR4, DDR5-4800 МГц, TDP 89 Вт]"
154,2,AMD Ryzen 5 3500X OEM,"[AM4, 6 x 3.6 ГГц, L2 - 3 МБ, L3 - 32 МБ, 2 х DDR4-3200 МГц, TDP 65 Вт]"
155,2,AMD Ryzen 5 3500 OEM,"[AM4, 6 x 3.6 ГГц, L2 - 3 МБ, L3 - 16 МБ, 2 х DDR4-3200 МГц, TDP 65 Вт]"
156,2,AMD Ryzen 3 3200G OEM,"[AM4, 4 x 3.6 ГГц, L2 - 2 МБ, L3 - 4 МБ, 2 х DDR4-2933 МГц, AMD Radeon Vega 8, TDP 65 Вт]"
157,2,Intel Core i3-10105F OEM,"[LGA 1200, 4 x 3.7 ГГц, L2 - 1 МБ, L3 - 6 МБ, 2 х DDR4-2666 МГц, TDP 65 Вт]"
158,2,Intel Core i3-10100F OEM,"[LGA 1200, 4 x 3.6 ГГц, L2 - 1 МБ, L3 - 6 МБ, 2 х DDR4-2666 МГц, TDP 65 Вт]"
159,2,Intel Celeron G5925 BOX,"[LGA 1200, 2 x 3.6 ГГц, L2 - 0.5 МБ, L3 - 4 МБ, 2 х DDR4-2666 МГц, Intel UHD Graphics 610, TDP 58 Вт, кулер]"
160,2,Intel Core i3-13100F OEM,"[LGA 1700, 4 x 3.4 ГГц, L2 - 5 МБ, L3 - 12 МБ, 2 х DDR4, DDR5-4800 МГц, TDP 89 Вт]"
161,2,Intel Celeron G6900 OEM,"[LGA 1700, 2 x 3.4 ГГц, L2 - 2.5 МБ, L3 - 4 МБ, 2 х DDR4, DDR5-4800 МГц, Intel UHD Graphics 710, TDP 46 Вт]"
162,2,Intel Pentium Gold G5400 OEM,"[LGA 1151-v2, 2 x 3.7 ГГц, L2 - 0.5 МБ, L3 - 4 МБ, 2 х DDR4-2400 МГц, Intel UHD Graphics 610, TDP 58 Вт]"
163,2,AMD Ryzen 5 4500 OEM,"[AM4, 6 x 3.6 ГГц, L2 - 3 МБ, L3 - 8 МБ, 2 х DDR4-3200 МГц, TDP 65 Вт]"
164,2,Intel Core i5-9400F OEM,"[LGA 1151-v2, 6 x 2.9 ГГц, L2 - 1.5 МБ, L3 - 9 МБ, 2 х DDR4-2666 МГц, TDP 65 Вт]"
165,2,AMD Athlon 3000G BOX,"[AM4, 2 x 3.5 ГГц, L2 - 1 МБ, L3 - 4 МБ, 2 х DDR4-2666 МГц, AMD Radeon Vega 3, TDP 35 Вт, кулер]"
166,2,Intel Core i3-9100F OEM,"[LGA 1151-v2, 4 x 3.6 ГГц, L2 - 1 МБ, L3 - 6 МБ, 2 х DDR4-2400 МГц, TDP 65 Вт]"
167,2,Intel Core i5-9400F OEM,"[LGA 1151-v2, 6 x 2.9 ГГц, L2 - 1.5 МБ, L3 - 9 МБ, 2 х DDR4-2666 МГц, TDP 65 Вт]"
168,2,AMD Ryzen 5 5500 OEM,"[AM4, 6 x 3.6 ГГц, L2 - 3 МБ, L3 - 16 МБ, 2 х DDR4-3200 МГц, TDP 65 Вт]"
169,2,Intel Pentium Gold G6405 OEM,"[LGA 1200, 2 x 4.1 ГГц, L2 - 0.5 МБ, L3 - 4 МБ, 2 х DDR4-2666 МГц, Intel UHD Graphics 610, TDP 58 Вт]"
170,2,AMD Ryzen 3 4100 OEM,"[AM4, 4 x 3.8 ГГц, L2 - 2 МБ, L3 - 4 МБ, 2 х DDR4-3200 МГц, TDP 65 Вт]"
171,2,AMD Ryzen 5 3600 OEM,"[AM4, 6 x 3.6 ГГц, L2 - 3 МБ, L3 - 32 МБ, 2 х DDR4-3200 МГц, TDP 65 Вт]"
172,2,AMD Ryzen 5 3400G OEM,"[AM4, 4 x 3.7 ГГц, L2 - 2 МБ, L3 - 4 МБ, 2 х DDR4-2933 МГц, AMD Radeon Vega 11, TDP 65 Вт]"
173,2,Intel Core i3-10100F BOX,"[LGA 1200, 4 x 3.6 ГГц, L2 - 1 МБ, L3 - 6 МБ, 2 х DDR4-2666 МГц, TDP 65 Вт, кулер]"
174,2,AMD Ryzen 5 2400G OEM,"[AM4, 4 x 3.6 ГГц, L2 - 2 МБ, L3 - 4 МБ, 2 х DDR4-2933 МГц, AMD Radeon Vega 11, TDP 65 Вт]"
175,2,Intel Core i3-10105F BOX,"[LGA 1200, 4 x 3.7 ГГц, L2 - 1 МБ, L3 - 6 МБ, 2 х DDR4-2666 МГц, TDP 65 Вт, кулер]"
176,2,Intel Pentium Gold G7400 OEM,"[LGA 1700, 2 x 3.7 ГГц, L2 - 2.5 МБ, L3 - 6 МБ, 2 х DDR4, DDR5-4800 МГц, Intel UHD Graphics 710, TDP 46 Вт]"
177,2,AMD Ryzen 5 4500 BOX,"[AM4, 6 x 3.6 ГГц, L2 - 3 МБ, L3 - 8 МБ, 2 х DDR4-3200 МГц, TDP 65 Вт, кулер]"
178,2,Intel Core i3-14100F OEM,"[LGA 1700, 4 x 3.5 ГГц, L2 - 5 МБ, L3 - 12 МБ, 2 х DDR4, DDR5-4800 МГц, TDP 110 Вт]"
179,2,Intel Pentium Gold G5420 OEM,"[LGA 1151-v2, 2 x 3.8 ГГц, L2 - 0.5 МБ, L3 - 4 МБ, 2 х DDR4-2400 МГц, Intel UHD Graphics 610, TDP 54 Вт]"
180,2,Intel Core i5-10400F OEM,"[LGA 1200, 6 x 2.9 ГГц, L2 - 1.5 МБ, L3 - 12 МБ, 2 х DDR4-2666 МГц, TDP 65 Вт]"
181,2,AMD Ryzen 5 PRO 3600 OEM,"[AM4, 6 x 3.6 ГГц, L2 - 3 МБ, L3 - 32 МБ, 2 х DDR4-3200 МГц, TDP 65 Вт]"
182,2,Intel Core i5-11400F OEM,"[LGA 1200, 6 x 2.6 ГГц, L2 - 3 МБ, L3 - 12 МБ, 2 х DDR4-3200 МГц, TDP 65 Вт]"
183,2,AMD Ryzen 3 3200G BOX,"[AM4, 4 x 3.6 ГГц, L2 - 2 МБ, L3 - 4 МБ, 2 х DDR4-2933 МГц, AMD Radeon Vega 8, TDP 65 Вт]"
184,2,Intel Core i3-12100F BOX,"[LGA 1700, 4 x 3.3 ГГц, L2 - 5 МБ, L3 - 12 МБ, 2 х DDR4, DDR5-4800 МГц, TDP 89 Вт, кулер]"
185,2,AMD Ryzen 5 5600 OEM,"[AM4, 6 x 3.5 ГГц, L2 - 3 МБ, L3 - 32 МБ, 2 х DDR4-3200 МГц, TDP 65 Вт]"
186,2,AMD Ryzen 5 3600 BOX,"[AM4, 6 x 3.6 ГГц, L2 - 3 МБ, L3 - 32 МБ, 2 х DDR4-3200 МГц, TDP 65 Вт, кулер]"
187,2,Intel Core i5-8400 OEM,"[LGA 1151-v2, 6 x 2.8 ГГц, L2 - 1.5 МБ, L3 - 9 МБ, 2 х DDR4-2666 МГц, Intel UHD Graphics 630, TDP 65 Вт]"
188,2,Intel Pentium Gold G6400 BOX,"[LGA 1200, 2 x 4 ГГц, L2 - 0.5 МБ, L3 - 4 МБ, 2 х DDR4-2666 МГц, Intel UHD Graphics 610, TDP 58 Вт, кулер]"
189,2,AMD Ryzen 5 3600X OEM,"[AM4, 6 x 3.8 ГГц, L2 - 3 МБ, L3 - 32 МБ, 2 х DDR4-3200 МГц, TDP 95 Вт]"
190,2,AMD Ryzen 3 4100 BOX,"[AM4, 4 x 3.8 ГГц, L2 - 2 МБ, L3 - 4 МБ, 2 х DDR4-3200 МГц, TDP 65 Вт, кулер]"
191,2,AMD Ryzen 5 5500 BOX,"[AM4, 6 x 3.6 ГГц, L2 - 3 МБ, L3 - 16 МБ, 2 х DDR4-3200 МГц, TDP 65 Вт, кулер]"
192,2,Intel Pentium Gold G6405 BOX,"[LGA 1200, 2 x 4.1 ГГц, L2 - 0.5 МБ, L3 - 4 МБ, 2 х DDR4-2666 МГц, Intel UHD Graphics 610, TDP 58 Вт, кулер]"
193,2,Intel Core i3-13100F BOX,"[LGA 1700, 4 x 3.4 ГГц, L2 - 5 МБ, L3 - 12 МБ, 2 х DDR4, DDR5-4800 МГц, TDP 89 Вт, кулер]"
194,2,Intel Core i3-10100 OEM,"[LGA 1200, 4 x 3.6 ГГц, L2 - 1 МБ, L3 - 6 МБ, 2 х DDR4-2666 МГц, Intel UHD Graphics 630, TDP 65 Вт]"
195,2,Intel Core i3-10105 OEM,"[LGA 1200, 4 x 3.7 ГГц, L2 - 1 МБ, L3 - 6 МБ, 2 х DDR4-2666 МГц, Intel UHD Graphics 630, TDP 65 Вт]"
196,2,Intel Core i5-9400 OEM,"[LGA 1151-v2, 6 x 2.9 ГГц, L2 - 1.5 МБ, L3 - 9 МБ, 2 х DDR4-2666 МГц, Intel UHD Graphics 630, TDP 65 Вт]"
197,2,AMD Ryzen 5 5500 BOX,"[AM4, 6 x 3.6 ГГц, L2 - 3 МБ, L3 - 16 МБ, 2 х DDR4-3200 МГц, TDP 65 Вт, кулер]"
198,2,AMD Ryzen 5 PRO 4655G OEM,"[AM4, 6 x 3.7 ГГц, L2 - 3 МБ, L3 - 8 МБ, 2 х DDR4-3200 МГц, AMD Radeon Graphics, TDP 65 Вт]"
199,2,AMD Ryzen 5 4600G OEM,"[AM4, 6 x 3.7 ГГц, L2 - 3 МБ, L3 - 8 МБ, 2 х DDR4-3200 МГц, AMD Radeon Vega 7, TDP 65 Вт]"
200,2,AMD Ryzen 3 PRO 4350G OEM,"[AM4, 4 x 3.8 ГГц, L2 - 2 МБ, L3 - 4 МБ, 2 х DDR4-3200 МГц, AMD Radeon Vega 6, TDP 65 Вт]"
201,2,Intel Core i5-10600KF OEM,"[LGA 1200, 6 x 4.1 ГГц, L2 - 1.5 МБ, L3 - 12 МБ, 2 х DDR4-2666 МГц, TDP 125 Вт]"
202,2,AMD Ryzen 5 5600X OEM,"[AM4, 6 x 3.7 ГГц, L2 - 3 МБ, L3 - 32 МБ, 2 х DDR4-3200 МГц, TDP 65 Вт]"
203,2,Intel Core i3-12100 OEM,"[LGA 1700, 4 x 3.3 ГГц, L2 - 5 МБ, L3 - 12 МБ, 2 х DDR4, DDR5-4800 МГц, Intel UHD Graphics 730, TDP 89 Вт]"
204,2,Intel Core i5-12400F OEM,"[LGA 1700, 6 x 2.5 ГГц, L2 - 7.5 МБ, L3 - 18 МБ, 2 х DDR4, DDR5-4800 МГц, TDP 117 Вт]"
205,2,AMD Ryzen 5 8400F OEM,"[AM5, 6 x 4.2 ГГц, L2 - 6 МБ, L3 - 16 МБ, 2 х DDR5-5200 МГц, TDP 65 Вт]"
206,2,Intel Core i5-12400F OEM,"[LGA 1700, 6 x 2.5 ГГц, L2 - 7.5 МБ, L3 - 18 МБ, 2 х DDR4, DDR5-4800 МГц, TDP 117 Вт]"
207,2,Intel Core i3-8100 OEM,"[LGA 1151-v2, 4 x 3.6 ГГц, L2 - 1 МБ, L3 - 6 МБ, 2 х DDR4-2400 МГц, Intel UHD Graphics 630, TDP 65 Вт]"
208,2,Intel Core i3-13100 OEM,"[LGA 1700, 4 x 3.4 ГГц, L2 - 5 МБ, L3 - 12 МБ, 2 х DDR4, DDR5-4800 МГц, Intel UHD Graphics 730, TDP 89 Вт]"
209,2,AMD Ryzen 7 3700X OEM,"[AM4, 8 x 3.6 ГГц, L2 - 4 МБ, L3 - 32 МБ, 2 х DDR4-3200 МГц, TDP 65 Вт]"
210,2,Intel Core i3-10105 BOX,"[LGA 1200, 4 x 3.7 ГГц, L2 - 1 МБ, L3 - 6 МБ, 2 х DDR4-2666 МГц, Intel UHD Graphics 630, TDP 65 Вт, кулер]"
211,2,Intel Core i3-10100 BOX,"[LGA 1200, 4 x 3.6 ГГц, L2 - 1 МБ, L3 - 6 МБ, 2 х DDR4-2666 МГц, Intel UHD Graphics 630, TDP 65 Вт, кулер]"
212,2,Intel Core i5-10400F BOX,"[LGA 1200, 6 x 2.9 ГГц, L2 - 1.5 МБ, L3 - 12 МБ, 2 х DDR4-2666 МГц, TDP 65 Вт, кулер]"
213,2,Intel Core i5-11400F BOX,"[LGA 1200, 6 x 2.6 ГГц, L2 - 3 МБ, L3 - 12 МБ, 2 х DDR4-3200 МГц, TDP 65 Вт, кулер]"
214,2,AMD Ryzen 5 5600 BOX,"[AM4, 6 x 3.5 ГГц, L2 - 3 МБ, L3 - 32 МБ, 2 х DDR4-3200 МГц, TDP 65 Вт, кулер]"
215,2,Intel Core i3-14100 OEM,"[LGA 1700, 4 x 3.5 ГГц, L2 - 5 МБ, L3 - 12 МБ, 2 х DDR4, DDR5-4800 МГц, Intel UHD Graphics 730, TDP 110 Вт]"
216,2,AMD Ryzen 5 5600 BOX,"[AM4, 6 x 3.5 ГГц, L2 - 3 МБ, L3 - 32 МБ, 2 х DDR4-3200 МГц, TDP 65 Вт, кулер]"
217,2,Intel Core i3-12300T OEM,"[LGA 1700, 4 x 2.3 ГГц, L2 - 5 МБ, L3 - 12 МБ, 2 х DDR4, DDR5-4800 МГц, Intel UHD Graphics 730, TDP 69 Вт]"
218,2,Intel Core i5-11400 OEM,"[LGA 1200, 6 x 2.6 ГГц, L2 - 3 МБ, L3 - 12 МБ, 2 х DDR4-3200 МГц, Intel UHD Graphics 730, TDP 65 Вт]"
219,2,Intel Core i3-9100 OEM,"[LGA 1151-v2, 4 x 3.6 ГГц, L2 - 1 МБ, L3 - 6 МБ, 2 х DDR4-2400 МГц, Intel UHD Graphics 630, TDP 65 Вт]"
220,2,Intel Core i5-13400F OEM,"[LGA 1700, 6P x 2.5 ГГц, 4E x 1.8 ГГц, L2 - 9.5 МБ, L3 - 20 МБ, 2 х DDR4, DDR5-4800 МГц, TDP 148 Вт]"
221,2,Intel Core i5-13400F OEM,"[LGA 1700, 6P x 2.5 ГГц, 4E x 1.8 ГГц, L2 - 9.5 МБ, L3 - 20 МБ, 2 х DDR4, DDR5-4800 МГц, TDP 148 Вт]"
222,2,AMD Ryzen 5 5600GT OEM,"[AM4, 6 x 3.6 ГГц, L2 - 3 МБ, L3 - 16 МБ, 2 х DDR4-3200 МГц, AMD Radeon Vega 7, TDP 65 Вт]"
223,2,Intel Core i5-10400 OEM,"[LGA 1200, 6 x 2.9 ГГц, L2 - 1.5 МБ, L3 - 12 МБ, 2 х DDR4-2666 МГц, Intel UHD Graphics 630, TDP 65 Вт]"
224,2,AMD Ryzen 5 5500GT OEM,"[AM4, 6 x 3.6 ГГц, L2 - 3 МБ, L3 - 16 МБ, 2 х DDR4-3200 МГц, AMD Radeon Vega 7, TDP 65 Вт]"
225,2,Intel Core i5-12400F BOX,"[LGA 1700, 6 x 2.5 ГГц, L2 - 7.5 МБ, L3 - 18 МБ, 2 х DDR4, DDR5-4800 МГц, TDP 117 Вт, кулер]"
226,2,AMD Ryzen 7 5700X OEM,"[AM4, 8 x 3.4 ГГц, L2 - 4 МБ, L3 - 32 МБ, 2 х DDR4-3200 МГц, TDP 65 Вт]"
227,2,Intel Core i5-12400F BOX,"[LGA 1700, 6 x 2.5 ГГц, L2 - 7.5 МБ, L3 - 18 МБ, 2 х DDR4, DDR5-4800 МГц, TDP 117 Вт, кулер]"
228,2,Intel Core i5-12400F BOX,"[LGA 1700, 6 x 2.5 ГГц, L2 - 7.5 МБ, L3 - 18 МБ, 2 х DDR4, DDR5-4800 МГц, TDP 117 Вт, кулер]"
229,2,Intel Core i3-12100 BOX,"[LGA 1700, 4 x 3.3 ГГц, L2 - 5 МБ, L3 - 12 МБ, 2 х DDR4, DDR5-4800 МГц, Intel UHD Graphics 730, TDP 89 Вт, кулер]"
230,2,AMD Ryzen 5 7400F OEM,"[AM5, 6 x 3.7 ГГц, L2 - 6 МБ, L3 - 32 МБ, 2 х DDR5-5200 МГц, TDP 65 Вт]"
231,2,AMD Ryzen 5 5600X BOX,"[AM4, 6 x 3.7 ГГц, L2 - 3 МБ, L3 - 32 МБ, 2 х DDR4-3200 МГц, TDP 65 Вт, кулер]"
232,2,Intel Core i5-10600KF BOX,"[LGA 1200, 6 x 4.1 ГГц, L2 - 1.5 МБ, L3 - 12 МБ, 2 х DDR4-2666 МГц, TDP 125 Вт]"
233,2,Intel Core i3-14100F BOX,"[LGA 1700, 4 x 3.5 ГГц, L2 - 5 МБ, L3 - 12 МБ, 2 х DDR4, DDR5-4800 МГц, TDP 110 Вт, кулер]"
234,2,Intel Core i5-12400 OEM,"[LGA 1700, 6 x 2.5 ГГц, L2 - 7.5 МБ, L3 - 18 МБ, 2 х DDR4, DDR5-4800 МГц, Intel UHD Graphics 730, TDP 117 Вт]"
235,2,AMD Ryzen 5 5600GT BOX,"[AM4, 6 x 3.6 ГГц, L2 - 3 МБ, L3 - 16 МБ, 2 х DDR4-3200 МГц, AMD Radeon Vega 7, TDP 65 Вт]"
236,2,Intel Core i5-11400T OEM,"[LGA 1200, 6 x 1.3 ГГц, L2 - 3 МБ, L3 - 12 МБ, 2 х DDR4-3200 МГц, Intel UHD Graphics 730, TDP 35 Вт]"
237,2,AMD Ryzen 5 5600GT BOX,"[AM4, 6 x 3.6 ГГц, L2 - 3 МБ, L3 - 16 МБ, 2 х DDR4-3200 МГц, AMD Radeon Vega 7, TDP 65 Вт, кулер]"
238,2,AMD Ryzen 5 8500G OEM,"[AM5, 2P x 4.1 ГГц, 4E x 3.2 ГГц, L2 - 6 МБ, L3 - 16 МБ, 2 х DDR5-5200 МГц, AMD Radeon 740M, TDP 65 Вт]"
239,2,AMD Ryzen 5 5600G OEM,"[AM4, 6 x 3.9 ГГц, L2 - 3 МБ, L3 - 16 МБ, 2 х DDR4-3200 МГц, AMD Radeon Vega 7, TDP 65 Вт]"
240,2,AMD Ryzen 7 5700G OEM,"[AM4, 8 x 3.8 ГГц, L2 - 4 МБ, L3 - 16 МБ, 2 х DDR4-3200 МГц, AMD Radeon Vega 8, TDP 65 Вт]"
241,2,Intel Core i5-14400F OEM,"[LGA 1700, 6P x 2.5 ГГц, 4E x 1.8 ГГц, L2 - 9.5 МБ, L3 - 20 МБ, 2 х DDR4, DDR5-4800 МГц, TDP 148 Вт]"
242,2,Intel Core i5-14400F OEM,"[LGA 1700, 6P x 2.5 ГГц, 4E x 1.8 ГГц, L2 - 9.5 МБ, L3 - 20 МБ, 2 х DDR4, DDR5-4800 МГц, TDP 148 Вт]"
243,2,Intel Core i5-12490F BOX,"[LGA 1700, 6 x 3 ГГц, L2 - 7.5 МБ, L3 - 20 МБ, 2 х DDR4, DDR5-4800 МГц, TDP 117 Вт]"
244,2,AMD Ryzen 5 5600G BOX,"[AM4, 6 x 3.9 ГГц, L2 - 3 МБ, L3 - 16 МБ, 2 х DDR4-3200 МГц, AMD Radeon Vega 7, TDP 65 Вт, кулер]"
245,2,Intel Core i5-12490F OEM,"[LGA 1700, 6 x 3 ГГц, L2 - 7.5 МБ, L3 - 20 МБ, 2 х DDR4, DDR5-4800 МГц, TDP 117 Вт]"
246,2,AMD Ryzen 5 5600G BOX,"[AM4, 6 x 3.9 ГГц, L2 - 3 МБ, L3 - 16 МБ, 2 х DDR4-3200 МГц, AMD Radeon Vega 7, TDP 65 Вт, кулер]"
247,2,Intel Core i3-13100 BOX,"[LGA 1700, 4 x 3.4 ГГц, L2 - 5 МБ, L3 - 12 МБ, 2 х DDR4, DDR5-4800 МГц, Intel UHD Graphics 730, TDP 89 Вт, кулер]"
248,2,Intel Core i5-11500 OEM,"[LGA 1200, 6 x 2.7 ГГц, L2 - 3 МБ, L3 - 12 МБ, 2 х DDR4-3200 МГц, Intel UHD Graphics 750, TDP 65 Вт]"
249,2,AMD Ryzen 5 5500GT BOX,"[AM4, 6 x 3.6 ГГц, L2 - 3 МБ, L3 - 16 МБ, 2 х DDR4-3200 МГц, AMD Radeon Vega 7, TDP 65 Вт, кулер]"
250,2,Intel Core i5-11600 OEM,"[LGA 1200, 6 x 2.8 ГГц, L2 - 3 МБ, L3 - 12 МБ, 2 х DDR4-3200 МГц, Intel UHD Graphics 750, TDP 65 Вт]"
251,2,Intel Core i3-12100T OEM,"[LGA 1700, 4 x 2.2 ГГц, L2 - 5 МБ, L3 - 12 МБ, 2 х DDR4, DDR5-4800 МГц, Intel UHD Graphics 730, TDP 69 Вт]"
252,2,AMD Ryzen 5 5500GT BOX,"[AM4, 6 x 3.6 ГГц, L2 - 3 МБ, L3 - 16 МБ, 2 х DDR4-3200 МГц, AMD Radeon Vega 7, TDP 65 Вт, кулер]"
253,2,Intel Core i3-14100 BOX,"[LGA 1700, 4 x 3.5 ГГц, L2 - 5 МБ, L3 - 12 МБ, 2 х DDR4, DDR5-4800 МГц, Intel UHD Graphics 730, TDP 110 Вт, кулер]"
254,2,Intel Core i5-13400 OEM,"[LGA 1700, 6P x 2.5 ГГц, 4E x 1.8 ГГц, L2 - 9.5 МБ, L3 - 20 МБ, 2 х DDR4, DDR5-4800 МГц, Intel UHD Graphics 730, TDP 148 Вт]"
255,2,AMD Ryzen 3 PRO 5350G OEM,"[AM4, 4 x 4 ГГц, L2 - 2 МБ, L3 - 8 МБ, 2 х DDR4-3200 МГц, AMD Radeon Vega 6, TDP 65 Вт]"
256,2,AMD Ryzen 5 7500F OEM,"[AM5, 6 x 3.7 ГГц, L2 - 6 МБ, L3 - 32 МБ, 2 х DDR5-5200 МГц, TDP 65 Вт]"
257,2,Intel Core i5-10400 BOX,"[LGA 1200, 6 x 2.9 ГГц, L2 - 1.5 МБ, L3 - 12 МБ, 2 х DDR4-2666 МГц, Intel UHD Graphics 630, TDP 65 Вт, кулер]"
258,2,Intel Core i5-12600KF OEM,"[LGA 1700, 6P x 3.7 ГГц, 4E x 2.8 ГГц, L2 - 9.5 МБ, L3 - 20 МБ, 2 х DDR4, DDR5-4800 МГц, TDP 150 Вт]"
259,2,Intel Core i5-11600KF OEM,"[LGA 1200, 6 x 3.9 ГГц, L2 - 3 МБ, L3 - 12 МБ, 2 х DDR4-3200 МГц, TDP 125 Вт]"
260,2,Intel Core i5-13400F BOX,"[LGA 1700, 6P x 2.5 ГГц, 4E x 1.8 ГГц, L2 - 9.5 МБ, L3 - 20 МБ, 2 х DDR4, DDR5-4800 МГц, TDP 148 Вт]"
261,2,Intel Core i5-13400F BOX,"[LGA 1700, 6P x 2.5 ГГц, 4E x 1.8 ГГц, L2 - 9.5 МБ, L3 - 20 МБ, 2 х DDR4, DDR5-4800 МГц, TDP 148 Вт]"
262,2,Intel Core i5-9600K OEM,"[LGA 1151-v2, 6 x 3.7 ГГц, L2 - 1.5 МБ, L3 - 9 МБ, 2 х DDR4-2666 МГц, Intel UHD Graphics 630, TDP 95 Вт]"
263,2,AMD Ryzen 7 5700X BOX,"[AM4, 8 x 3.4 ГГц, L2 - 4 МБ, L3 - 32 МБ, 2 х DDR4-3200 МГц, TDP 65 Вт]"
264,2,Intel Core i5-12400 BOX,"[LGA 1700, 6 x 2.5 ГГц, L2 - 7.5 МБ, L3 - 18 МБ, 2 х DDR4, DDR5-4800 МГц, Intel UHD Graphics 730, TDP 117 Вт, кулер]"
265,2,Intel Core i5-12400 BOX,"[LGA 1700, 6 x 2.5 ГГц, L2 - 7.5 МБ, L3 - 18 МБ, 2 х DDR4, DDR5-4800 МГц, Intel UHD Graphics 730, TDP 117 Вт, кулер]"
266,2,Intel Core i5-12400 BOX,"[LGA 1700, 6 x 2.5 ГГц, L2 - 7.5 МБ, L3 - 18 МБ, 2 х DDR4, DDR5-4800 МГц, Intel UHD Graphics 730, TDP 117 Вт, кулер]"
267,2,AMD Ryzen 7 8700F OEM,"[AM5, 8 x 4.1 ГГц, L2 - 8 МБ, L3 - 16 МБ, 2 х DDR5-5200 МГц, TDP 65 Вт]"
268,2,AMD Ryzen 5 8400F BOX,"[AM5, 6 x 4.2 ГГц, L2 - 6 МБ, L3 - 16 МБ, 2 х DDR5-5200 МГц, TDP 65 Вт, кулер]"
269,2,AMD Ryzen 7 5700X BOX,"[AM4, 8 x 3.4 ГГц, L2 - 4 МБ, L3 - 32 МБ, 2 х DDR4-3200 МГц, TDP 65 Вт]"
270,2,Intel Core i5-13490F OEM,"[LGA 1700, 6P x 2.5 ГГц, 4E x 1.8 ГГц, L2 - 9.5 МБ, L3 - 24 МБ, 2 х DDR4, DDR5-4800 МГц, TDP 148 Вт]"
271,2,Intel Core i5-14400F BOX,"[LGA 1700, 6P x 2.5 ГГц, 4E x 1.8 ГГц, L2 - 9.5 МБ, L3 - 20 МБ, 2 х DDR4, DDR5-4800 МГц, TDP 148 Вт, кулер]"
272,2,Intel Core i5-13490F BOX,"[LGA 1700, 6P x 2.5 ГГц, 4E x 1.8 ГГц, L2 - 9.5 МБ, L3 - 24 МБ, 2 х DDR4, DDR5-4800 МГц, TDP 148 Вт]"
273,2,AMD Ryzen 5 7600 OEM,"[AM5, 6 x 3.8 ГГц, L2 - 6 МБ, L3 - 32 МБ, 2 х DDR5-5200 МГц, AMD Radeon Graphics, TDP 65 Вт]"
274,2,Intel Core i5-12500 OEM,"[LGA 1700, 6 x 3 ГГц, L2 - 7.5 МБ, L3 - 18 МБ, 2 х DDR4, DDR5-4800 МГц, Intel UHD Graphics 770, TDP 117 Вт]"
275,2,Intel Core i5-14400 OEM,"[LGA 1700, 6P x 2.5 ГГц, 4E x 1.8 ГГц, L2 - 9.5 МБ, L3 - 20 МБ, 2 х DDR4, DDR5-4800 МГц, Intel UHD Graphics 730, TDP 148 Вт]"
276,2,AMD Ryzen 5 8600G OEM,"[AM5, 6 x 4.3 ГГц, L2 - 6 МБ, L3 - 16 МБ, 2 х DDR5-5200 МГц, AMD Radeon 760M, TDP 65 Вт]"
277,2,Intel Core i5-14400 OEM,"[LGA 1700, 6P x 2.5 ГГц, 4E x 1.8 ГГц, L2 - 9.5 МБ, L3 - 20 МБ, 2 х DDR4, DDR5-4800 МГц, Intel UHD Graphics 730, TDP 148 Вт]"
278,2,AMD Ryzen 5 7500F BOX,"[AM5, 6 x 3.7 ГГц, L2 - 6 МБ, L3 - 32 МБ, 2 х DDR5-5200 МГц, TDP 65 Вт, кулер]"
279,2,AMD Ryzen 5 7600X OEM,"[AM5, 6 x 4.7 ГГц, L2 - 6 МБ, L3 - 32 МБ, 2 х DDR5-5200 МГц, AMD Radeon Graphics, TDP 105 Вт]"
280,2,AMD Ryzen 5 7500F BOX,"[AM5, 6 x 3.7 ГГц, L2 - 6 МБ, L3 - 32 МБ, 2 х DDR5-5200 МГц, TDP 65 Вт, кулер]"
281,2,Intel Core i5-12600KF BOX,"[LGA 1700, 6P x 3.7 ГГц, 4E x 2.8 ГГц, L2 - 9.5 МБ, L3 - 20 МБ, 2 х DDR4, DDR5-4800 МГц, TDP 150 Вт]"
282,2,Intel Core i5-12600KF BOX,"[LGA 1700, 6P x 3.7 ГГц, 4E x 2.8 ГГц, L2 - 9.5 МБ, L3 - 20 МБ, 2 х DDR4, DDR5-4800 МГц, TDP 150 Вт]"
283,2,AMD Ryzen 5 8500G BOX,"[AM5, 2P x 4.1 ГГц, 4E x 3.2 ГГц, L2 - 6 МБ, L3 - 16 МБ, 2 х DDR5-5200 МГц, AMD Radeon 740M, TDP 65 Вт, кулер]"
284,2,AMD Ryzen 5 8500G BOX,"[AM5, 2P x 4.1 ГГц, 4E x 3.2 ГГц, L2 - 6 МБ, L3 - 16 МБ, 2 х DDR5-5200 МГц, AMD Radeon 740M, TDP 65 Вт, кулер]"
285,2,AMD Ryzen 7 5800X OEM,"[AM4, 8 x 3.8 ГГц, L2 - 4 МБ, L3 - 32 МБ, 2 х DDR4-3200 МГц, TDP 105 Вт]"
286,2,Intel Core i5-12600K OEM,"[LGA 1700, 6P x 3.7 ГГц, 4E x 2.8 ГГц, L2 - 9.5 МБ, L3 - 20 МБ, 2 х DDR4, DDR5-4800 МГц, Intel UHD Graphics 770, TDP 150 Вт]"
287,2,AMD Ryzen 7 5700G BOX,"[AM4, 8 x 3.8 ГГц, L2 - 4 МБ, L3 - 16 МБ, 2 х DDR4-3200 МГц, AMD Radeon Graphics, TDP 65 Вт, кулер]"
288,2,AMD Ryzen 7 5700G BOX,"[AM4, 8 x 3.8 ГГц, L2 - 4 МБ, L3 - 16 МБ, 2 х DDR4-3200 МГц, AMD Radeon Graphics, TDP 65 Вт, кулер]"
289,2,Intel Core i5-10500 OEM,"[LGA 1200, 6 x 3.1 ГГц, L2 - 1.5 МБ, L3 - 12 МБ, 2 х DDR4-2666 МГц, Intel UHD Graphics 630, TDP 65 Вт]"
290,2,Intel Core i5-14600KF OEM,"[LGA 1700, 6P x 3.5 ГГц, 8E x 2.6 ГГц, L2 - 20 МБ, L3 - 24 МБ, 2 х DDR4, DDR5-5600 МГц, TDP 181 Вт]"
291,2,Intel Core i5-13600KF OEM,"[LGA 1700, 6P x 3.5 ГГц, 8E x 2.6 ГГц, L2 - 20 МБ, L3 - 24 МБ, 2 х DDR4, DDR5-5600 МГц, TDP 181 Вт]"
292,2,AMD Ryzen 7 5800X BOX,"[AM4, 8 x 3.8 ГГц, L2 - 4 МБ, L3 - 32 МБ, 2 х DDR4-3200 МГц, TDP 105 Вт]"
293,2,AMD Ryzen 5 7600X BOX,"[AM5, 6 x 4.7 ГГц, L2 - 6 МБ, L3 - 32 МБ, 2 х DDR5-5200 МГц, AMD Radeon Graphics, TDP 105 Вт]"
294,2,Intel Core i5-13400 BOX,"[LGA 1700, 6P x 2.5 ГГц, 4E x 1.8 ГГц, L2 - 9.5 МБ, L3 - 20 МБ, 2 х DDR4, DDR5-4800 МГц, Intel UHD Graphics 730, TDP 148 Вт, кулер]"
295,2,AMD Ryzen 7 5700 BOX,"[AM4, 8 x 3.7 ГГц, L2 - 4 МБ, L3 - 16 МБ, 2 х DDR4-3200 МГц, TDP 65 Вт, кулер]"
296,2,AMD Ryzen 7 5800X BOX,"[AM4, 8 x 3.8 ГГц, L2 - 4 МБ, L3 - 32 МБ, 2 х DDR4-3200 МГц, TDP 105 Вт]"
297,2,AMD Ryzen 5 7600X BOX,"[AM5, 6 x 4.7 ГГц, L2 - 6 МБ, L3 - 32 МБ, 2 х DDR5-5200 МГц, AMD Radeon Graphics, TDP 105 Вт]"
298,2,Intel Core i5-12600K BOX,"[LGA 1700, 6P x 3.7 ГГц, 4E x 2.8 ГГц, L2 - 9.5 МБ, L3 - 20 МБ, 2 х DDR4, DDR5-4800 МГц, Intel UHD Graphics 770, TDP 150 Вт]"
299,2,AMD Ryzen 7 7700 OEM,"[AM5, 8 x 3.8 ГГц, L2 - 8 МБ, L3 - 32 МБ, 2 х DDR5-5200 МГц, AMD Radeon Graphics, TDP 65 Вт]"
300,2,AMD Ryzen 5 7600 BOX,"[AM5, 6 x 3.8 ГГц, L2 - 6 МБ, L3 - 32 МБ, 2 х DDR5-5200 МГц, AMD Radeon Graphics, TDP 65 Вт, кулер]"
301,2,Intel Core i5-10500 BOX,"[LGA 1200, 6 x 3.1 ГГц, L2 - 1.5 МБ, L3 - 12 МБ, 2 х DDR4-2666 МГц, Intel UHD Graphics 630, TDP 65 Вт, кулер]"
302,2,Intel Core i5-12400T OEM,"[LGA 1700, 6 x 1.8 ГГц, L2 - 7.5 МБ, L3 - 18 МБ, 2 х DDR4, DDR5-4800 МГц, Intel UHD Graphics 730, TDP 74 Вт]"
303,2,Intel Core i5-14400 BOX,"[LGA 1700, 6P x 2.5 ГГц, 4E x 1.8 ГГц, L2 - 9.5 МБ, L3 - 20 МБ, 2 х DDR4, DDR5-4800 МГц, Intel UHD Graphics 730, TDP 148 Вт, кулер]"
304,2,Intel Core i7-12700KF OEM,"[LGA 1700, 8P x 3.6 ГГц, 4E x 2.7 ГГц, L2 - 12 МБ, L3 - 25 МБ, 2 х DDR4, DDR5-4800 МГц, TDP 190 Вт]"
305,2,Intel Core i7-10700F OEM,"[LGA 1200, 8 x 2.9 ГГц, L2 - 2 МБ, L3 - 16 МБ, 2 х DDR4-2933 МГц, TDP 65 Вт]"
306,2,Intel Core i9-10900F OEM,"[LGA 1200, 10 x 2.8 ГГц, L2 - 2.5 МБ, L3 - 20 МБ, 2 х DDR4-2933 МГц, TDP 65 Вт]"
307,2,AMD Ryzen 5 9600X OEM,"[AM5, 6 x 3.9 ГГц, L2 - 6 МБ, L3 - 32 МБ, 2 х DDR5-5600 МГц, AMD Radeon Graphics, TDP 65 Вт]"
308,2,Intel Core i5-13600KF BOX,"[LGA 1700, 6P x 3.5 ГГц, 8E x 2.6 ГГц, L2 - 20 МБ, L3 - 24 МБ, 2 х DDR4, DDR5-5600 МГц, TDP 181 Вт]"
309,2,Intel Core i7-10700 OEM,"[LGA 1200, 8 x 2.9 ГГц, L2 - 2 МБ, L3 - 16 МБ, 2 х DDR4-2933 МГц, Intel UHD Graphics 630, TDP 65 Вт]"
310,2,Intel Core i7-12700F OEM,"[LGA 1700, 8P x 2.1 ГГц, 4E x 1.6 ГГц, L2 - 12 МБ, L3 - 25 МБ, 2 х DDR4, DDR5-4800 МГц, TDP 180 Вт]"
311,2,Intel Core i5-13500 OEM,"[LGA 1700, 6P x 2.5 ГГц, 8E x 1.8 ГГц, L2 - 11.5 МБ, L3 - 24 МБ, 2 х DDR4, DDR5-4800 МГц, Intel UHD Graphics 770, TDP 154 Вт]"
312,2,AMD Ryzen 5 8600G BOX,"[AM5, 6 x 4.3 ГГц, L2 - 6 МБ, L3 - 16 МБ, 2 х DDR5-5200 МГц, AMD Radeon 760M, TDP 65 Вт]"
313,2,Intel Core i5-14500 OEM,"[LGA 1700, 6P x 2.6 ГГц, 8E x 1.9 ГГц, L2 - 11.5 МБ, L3 - 24 МБ, 2 х DDR4, DDR5-4800 МГц, Intel UHD Graphics 770, TDP 154 Вт]"
314,2,AMD Ryzen 5 8600G BOX,"[AM5, 6 x 4.3 ГГц, L2 - 6 МБ, L3 - 16 МБ, 2 х DDR5-5200 МГц, AMD Radeon 760M, TDP 65 Вт, кулер]"
315,2,Intel Core i5-14600K OEM,"[LGA 1700, 6P x 3.5 ГГц, 8E x 2.6 ГГц, L2 - 20 МБ, L3 - 24 МБ, 2 х DDR4, DDR5-5600 МГц, Intel UHD Graphics 770, TDP 181 Вт]"
316,2,Intel Core i5-14600KF BOX,"[LGA 1700, 6P x 3.5 ГГц, 8E x 2.6 ГГц, L2 - 20 МБ, L3 - 24 МБ, 2 х DDR4, DDR5-5600 МГц, TDP 181 Вт]"
317,2,Intel Core i7-12700 OEM,"[LGA 1700, 8P x 2.1 ГГц, 4E x 1.6 ГГц, L2 - 12 МБ, L3 - 25 МБ, 2 х DDR4, DDR5-4800 МГц, Intel UHD Graphics 770, TDP 180 Вт]"
318,2,Intel Core i5-13600K OEM,"[LGA 1700, 6P x 3.5 ГГц, 8E x 2.6 ГГц, L2 - 20 МБ, L3 - 24 МБ, 2 х DDR4, DDR5-5600 МГц, Intel UHD Graphics 770, TDP 181 Вт]"
319,2,AMD Ryzen 7 5700X3D OEM,"[AM4, 8 x 3 ГГц, L2 - 4 МБ, L3 - 96 МБ, 2 х DDR4-3200 МГц, TDP 105 Вт]"
320,2,Intel Core i7-10700KF OEM,"[LGA 1200, 8 x 3.8 ГГц, L2 - 2 МБ, L3 - 16 МБ, 2 х DDR4-2933 МГц, TDP 125 Вт]"
321,2,Intel Core i7-9700F OEM,"[LGA 1151-v2, 8 x 3 ГГц, L2 - 2 МБ, L3 - 12 МБ, 2 х DDR4-2666 МГц, TDP 65 Вт]"
322,2,Intel Core i7-12700KF BOX,"[LGA 1700, 8P x 3.6 ГГц, 4E x 2.7 ГГц, L2 - 12 МБ, L3 - 25 МБ, 2 х DDR4, DDR5-4800 МГц, TDP 190 Вт]"
323,2,Intel Core i7-12700K OEM,"[LGA 1700, 8P x 3.6 ГГц, 4E x 2.7 ГГц, L2 - 12 МБ, L3 - 25 МБ, 2 х DDR4, DDR5-4800 МГц, Intel UHD Graphics 770, TDP 190 Вт]"
324,2,AMD Ryzen 7 8700G OEM,"[AM5, 8 x 4.2 ГГц, L2 - 8 МБ, L3 - 16 МБ, 2 х DDR5-5200 МГц, AMD Radeon 780M, TDP 65 Вт]"
325,2,AMD Ryzen 7 5700X3D BOX,"[AM4, 8 x 3 ГГц, L2 - 4 МБ, L3 - 96 МБ, 2 х DDR4-3200 МГц, TDP 105 Вт]"
326,2,Intel Core i5-12500T OEM,"[LGA 1700, 6 x 2 ГГц, L2 - 7.5 МБ, L3 - 18 МБ, 2 х DDR4, DDR5-4800 МГц, Intel UHD Graphics 770, TDP 74 Вт]"
327,2,AMD Ryzen 5 9600X BOX,"[AM5, 6 x 3.9 ГГц, L2 - 6 МБ, L3 - 32 МБ, 2 х DDR5-5600 МГц, AMD Radeon Graphics, TDP 65 Вт]"
328,2,Intel Core Ultra 5 225F OEM,"[LGA 1851, 6P x 3.3 ГГц, 4E x 2.7 ГГц, L2 - 22 МБ, L3 - 20 МБ, 2 х DDR5-6400 МГц, TDP 121 Вт]"
329,2,Intel Core i5-13500 BOX,"[LGA 1700, 6P x 2.5 ГГц, 8E x 1.8 ГГц, L2 - 11.5 МБ, L3 - 24 МБ, 2 х DDR4, DDR5-4800 МГц, Intel UHD Graphics 770, TDP 154 Вт, кулер]"
330,2,Intel Core i9-10900F BOX,"[LGA 1200, 10 x 2.8 ГГц, L2 - 2.5 МБ, L3 - 20 МБ, 2 х DDR4-2933 МГц, TDP 65 Вт, кулер]"
331,2,AMD Ryzen 7 5700X3D BOX,"[AM4, 8 x 3 ГГц, L2 - 4 МБ, L3 - 96 МБ, 2 х DDR4-3200 МГц, TDP 105 Вт]"
332,2,Intel Core i5-13600K BOX,"[LGA 1700, 6P x 3.5 ГГц, 8E x 2.6 ГГц, L2 - 20 МБ, L3 - 24 МБ, 2 х DDR4, DDR5-5600 МГц, Intel UHD Graphics 770, TDP 181 Вт]"
333,2,AMD Ryzen 5 9600X BOX,"[AM5, 6 x 3.9 ГГц, L2 - 6 МБ, L3 - 32 МБ, 2 х DDR5-5600 МГц, AMD Radeon Graphics, TDP 65 Вт]"
334,2,Intel Core i7-13700F OEM,"[LGA 1700, 8P x 2.1 ГГц, 8E x 1.5 ГГц, L2 - 24 МБ, L3 - 30 МБ, 2 х DDR4, DDR5-5600 МГц, TDP 219 Вт]"
335,2,Intel Core i5-14500 BOX,"[LGA 1700, 6P x 2.6 ГГц, 8E x 1.9 ГГц, L2 - 11.5 МБ, L3 - 24 МБ, 2 х DDR4, DDR5-4800 МГц, Intel UHD Graphics 770, TDP 154 Вт, кулер]"
336,2,Intel Core i5-14600K BOX,"[LGA 1700, 6P x 3.5 ГГц, 8E x 2.6 ГГц, L2 - 20 МБ, L3 - 24 МБ, 2 х DDR4, DDR5-5600 МГц, Intel UHD Graphics 770, TDP 181 Вт]"
337,2,Intel Core i7-12700F BOX,"[LGA 1700, 8P x 2.1 ГГц, 4E x 1.6 ГГц, L2 - 12 МБ, L3 - 25 МБ, 2 х DDR4, DDR5-4800 МГц, TDP 180 Вт, кулер]"
338,2,Intel Core Ultra 5 225 OEM,"[LGA 1851, 6P x 3.3 ГГц, 4E x 2.7 ГГц, L2 - 22 МБ, L3 - 20 МБ, 2 х DDR5-6400 МГц, Intel Graphics, TDP 121 Вт]"
339,2,Intel Core i7-12700K BOX,"[LGA 1700, 8P x 3.6 ГГц, 4E x 2.7 ГГц, L2 - 12 МБ, L3 - 25 МБ, 2 х DDR4, DDR5-4800 МГц, Intel UHD Graphics 770, TDP 190 Вт]"
340,2,Intel Core i7-11700KF OEM,"[LGA 1200, 8 x 3.6 ГГц, L2 - 4 МБ, L3 - 16 МБ, 2 х DDR4-3200 МГц, TDP 125 Вт]"
341,2,AMD Ryzen 7 5800XT BOX,"[AM4, 8 x 3.8 ГГц, L2 - 4 МБ, L3 - 32 МБ, 2 х DDR4-3200 МГц, TDP 105 Вт, кулер]"
342,2,Intel Core i7-9700KF OEM,"[LGA 1151-v2, 8 x 3.6 ГГц, L2 - 2 МБ, L3 - 12 МБ, 2 х DDR4-2666 МГц, TDP 95 Вт]"
343,2,AMD Ryzen 9 5900X OEM,"[AM4, 12 x 3.7 ГГц, L2 - 6 МБ, L3 - 64 МБ, 2 х DDR4-3200 МГц, TDP 105 Вт]"
344,2,AMD Ryzen 9 5900X BOX,"[AM4, 12 x 3.7 ГГц, L2 - 6 МБ, L3 - 64 МБ, 2 х DDR4-3200 МГц, TDP 105 Вт]"
345,2,Intel Core i9-10900 OEM,"[LGA 1200, 10 x 2.8 ГГц, L2 - 2.5 МБ, L3 - 20 МБ, 2 х DDR4-2933 МГц, Intel UHD Graphics 630, TDP 65 Вт]"
346,2,AMD Ryzen 7 8700G BOX,"[AM5, 8 x 4.2 ГГц, L2 - 8 МБ, L3 - 16 МБ, 2 х DDR5-5200 МГц, AMD Radeon 780M, TDP 65 Вт, кулер]"
347,2,AMD Ryzen 7 8700G BOX,"[AM5, 8 x 4.2 ГГц, L2 - 8 МБ, L3 - 16 МБ, 2 х DDR5-5200 МГц, AMD Radeon 780M, TDP 65 Вт]"
348,2,AMD Ryzen 7 9700X OEM,"[AM5, 8 x 3.8 ГГц, L2 - 8 МБ, L3 - 32 МБ, 2 х DDR5-5600 МГц, AMD Radeon Graphics, TDP 65 Вт]"
349,2,AMD Ryzen 9 5900X BOX,"[AM4, 12 x 3.7 ГГц, L2 - 6 МБ, L3 - 64 МБ, 2 х DDR4-3200 МГц, TDP 105 Вт]"
350,2,Intel Core i7-13700KF OEM,"[LGA 1700, 8P x 3.4 ГГц, 8E x 2.5 ГГц, L2 - 24 МБ, L3 - 30 МБ, 2 х DDR4, DDR5-5600 МГц, TDP 253 Вт]"
351,2,Intel Core i7-11700K BOX,"[LGA 1200, 8 x 3.6 ГГц, L2 - 4 МБ, L3 - 16 МБ, 2 х DDR4-3200 МГц, Intel UHD Graphics 750, TDP 125 Вт]"
352,2,Intel Core i9-11900K OEM,"[LGA 1200, 8 x 3.5 ГГц, L2 - 4 МБ, L3 - 16 МБ, 2 х DDR4-3200 МГц, Intel UHD Graphics 750, TDP 125 Вт]"
353,2,Intel Core i9-12900F OEM,"[LGA 1700, 8P x 2.4 ГГц, 8E x 1.8 ГГц, L2 - 14 МБ, L3 - 30 МБ, 2 х DDR4, DDR5-4800 МГц, TDP 202 Вт]"
354,2,Intel Core Ultra 5 245KF OEM,"[LGA 1851, 6P x 4.2 ГГц, 8E x 3.6 ГГц, L2 - 26 МБ, L3 - 24 МБ, 2 х DDR5-6400 МГц, TDP 159 Вт]"
355,2,AMD Ryzen 7 7700X OEM,"[AM5, 8 x 4.5 ГГц, L2 - 8 МБ, L3 - 32 МБ, 2 х DDR5-5200 МГц, AMD Radeon Graphics, TDP 105 Вт]"
356,2,Intel Core i9-12900KF OEM,"[LGA 1700, 8P x 3.2 ГГц, 8E x 2.4 ГГц, L2 - 14 МБ, L3 - 30 МБ, 2 х DDR4, DDR5-4800 МГц, TDP 241 Вт]"
357,2,Intel Core i7-10700K OEM,"[LGA 1200, 8 x 3.8 ГГц, L2 - 2 МБ, L3 - 16 МБ, 2 х DDR4-2933 МГц, Intel UHD Graphics 630, TDP 125 Вт]"
358,2,Intel Core i7-13700F BOX,"[LGA 1700, 8P x 2.1 ГГц, 8E x 1.5 ГГц, L2 - 24 МБ, L3 - 30 МБ, 2 х DDR4, DDR5-5600 МГц, TDP 219 Вт]"
359,2,Intel Core Ultra 5 245K OEM,"[LGA 1851, 6P x 4.2 ГГц, 8E x 3.6 ГГц, L2 - 26 МБ, L3 - 24 МБ, 2 х DDR5-6400 МГц, Intel Graphics, TDP 159 Вт]"
360,2,Intel Core i7-14700KF OEM,"[LGA 1700, 8P x 3.4 ГГц, 12E x 2.5 ГГц, L2 - 28 МБ, L3 - 33 МБ, 2 х DDR4, DDR5-5600 МГц, TDP 253 Вт]"
361,2,Intel Core i7-14700F OEM,"[LGA 1700, 8P x 2.1 ГГц, 12E x 1.5 ГГц, L2 - 28 МБ, L3 - 33 МБ, 2 х DDR4, DDR5-5600 МГц, TDP 219 Вт]"
362,2,AMD Ryzen 5 7600X3D BOX,"[AM5, 6 x 4.1 ГГц, L2 - 6 МБ, L3 - 96 МБ, 2 х DDR5-5200 МГц, AMD Radeon Graphics, TDP 65 Вт]"
363,2,AMD Ryzen 7 7700X BOX,"[AM5, 8 x 4.5 ГГц, L2 - 8 МБ, L3 - 32 МБ, 2 х DDR5-5200 МГц, AMD Radeon Graphics, TDP 105 Вт]"
364,2,AMD Ryzen 9 7900X OEM,"[AM5, 12 x 4.7 ГГц, L2 - 12 МБ, L3 - 64 МБ, 2 х DDR5-5200 МГц, AMD Radeon Graphics, TDP 170 Вт]"
365,2,AMD Ryzen 5 7600X3D OEM,"[AM5, 6 x 4.1 ГГц, L2 - 6 МБ, L3 - 96 МБ, 2 х DDR5-5200 МГц, AMD Radeon Graphics, TDP 65 Вт]"
366,2,Intel Core i7-9700 OEM,"[LGA 1151-v2, 8 x 3 ГГц, L2 - 2 МБ, L3 - 12 МБ, 2 х DDR4-2666 МГц, Intel UHD Graphics 630, TDP 65 Вт]"
367,2,Intel Core Ultra 5 245KF BOX,"[LGA 1851, 6P x 4.2 ГГц, 8E x 3.6 ГГц, L2 - 26 МБ, L3 - 24 МБ, 2 х DDR5-6400 МГц, TDP 159 Вт]"
368,2,AMD Ryzen 9 5950X OEM,"[AM4, 16 x 3.4 ГГц, L2 - 8 МБ, L3 - 64 МБ, 2 х DDR4-3200 МГц, TDP 105 Вт]"
369,2,Intel Core Ultra 5 245KF BOX,"[LGA 1851, 6P x 4.2 ГГц, 8E x 3.6 ГГц, L2 - 26 МБ, L3 - 24 МБ, 2 х DDR5-6400 МГц, TDP 159 Вт]"
370,2,Intel Core i9-10900 BOX,"[LGA 1200, 10 x 2.8 ГГц, L2 - 2.5 МБ, L3 - 20 МБ, 2 х DDR4-2933 МГц, Intel UHD Graphics 630, TDP 65 Вт, кулер]"
371,2,Intel Core i9-11900KF BOX,"[LGA 1200, 8 x 3.5 ГГц, L2 - 4 МБ, L3 - 16 МБ, 2 х DDR4-3200 МГц, TDP 125 Вт]"
372,2,Intel Core Ultra 5 245K BOX,"[LGA 1851, 6P x 4.2 ГГц, 8E x 3.6 ГГц, L2 - 26 МБ, L3 - 24 МБ, 2 х DDR5-6400 МГц, Intel Graphics, TDP 159 Вт]"
373,2,Intel Core i9-12900KF BOX,"[LGA 1700, 8P x 3.2 ГГц, 8E x 2.4 ГГц, L2 - 14 МБ, L3 - 30 МБ, 2 х DDR4, DDR5-4800 МГц, TDP 241 Вт]"
374,2,Intel Core Ultra 5 245K BOX,"[LGA 1851, 6P x 4.2 ГГц, 8E x 3.6 ГГц, L2 - 26 МБ, L3 - 24 МБ, 2 х DDR5-6400 МГц, Intel Graphics, TDP 159 Вт]"
375,2,Intel Core i7-13700 OEM,"[LGA 1700, 8P x 2.1 ГГц, 8E x 1.5 ГГц, L2 - 24 МБ, L3 - 30 МБ, 2 х DDR4, DDR5-5600 МГц, Intel UHD Graphics 770, TDP 219 Вт]"
376,2,Intel Core i7-14700 OEM,"[LGA 1700, 8P x 2.1 ГГц, 12E x 1.5 ГГц, L2 - 28 МБ, L3 - 33 МБ, 2 х DDR4, DDR5-5600 МГц, Intel UHD Graphics 770, TDP 219 Вт]"
377,2,AMD Ryzen 7 7700 BOX,"[AM5, 8 x 3.8 ГГц, L2 - 8 МБ, L3 - 32 МБ, 2 х DDR5-5200 МГц, AMD Radeon Graphics, TDP 65 Вт, кулер]"
378,2,Intel Core i9-12900K OEM,"[LGA 1700, 8P x 3.2 ГГц, 8E x 2.4 ГГц, L2 - 14 МБ, L3 - 30 МБ, 2 х DDR4, DDR5-4800 МГц, Intel UHD Graphics 770, TDP 241 Вт]"
379,2,Intel Core i7-9700K OEM,"[LGA 1151-v2, 8 x 3.6 ГГц, L2 - 2 МБ, L3 - 12 МБ, 2 х DDR4-2666 МГц, Intel UHD Graphics 630, TDP 95 Вт]"
380,2,Intel Core i7-13700K OEM,"[LGA 1700, 8P x 3.4 ГГц, 8E x 2.5 ГГц, L2 - 24 МБ, L3 - 30 МБ, 2 х DDR4, DDR5-5600 МГц, Intel UHD Graphics 770, TDP 253 Вт]"
381,2,Intel Core i7-13700KF BOX,"[LGA 1700, 8P x 3.4 ГГц, 8E x 2.5 ГГц, L2 - 24 МБ, L3 - 30 МБ, 2 х DDR4, DDR5-5600 МГц, TDP 253 Вт]"
382,2,Intel Core i7-13700KF BOX,"[LGA 1700, 8P x 3.4 ГГц, 8E x 2.5 ГГц, L2 - 24 МБ, L3 - 30 МБ, 2 х DDR4, DDR5-5600 МГц, TDP 253 Вт]"
383,2,Intel Core i9-11900 OEM,"[LGA 1200, 8 x 2.5 ГГц, L2 - 4 МБ, L3 - 16 МБ, 2 х DDR4-3200 МГц, Intel UHD Graphics 750, TDP 65 Вт]"
384,2,Intel Core i7-14700KF BOX,"[LGA 1700, 8P x 3.4 ГГц, 12E x 2.5 ГГц, L2 - 28 МБ, L3 - 33 МБ, 2 х DDR4, DDR5-5600 МГц, TDP 253 Вт]"
385,2,Intel Core i7-14700F BOX,"[LGA 1700, 8P x 2.1 ГГц, 12E x 1.5 ГГц, L2 - 28 МБ, L3 - 33 МБ, 2 х DDR4, DDR5-5600 МГц, TDP 219 Вт, кулер]"
386,2,Intel Core i7-13700K BOX,"[LGA 1700, 8P x 3.4 ГГц, 8E x 2.5 ГГц, L2 - 24 МБ, L3 - 30 МБ, 2 х DDR4, DDR5-5600 МГц, Intel UHD Graphics 770, TDP 253 Вт]"
387,2,AMD Ryzen 7 9700X BOX,"[AM5, 8 x 3.8 ГГц, L2 - 8 МБ, L3 - 32 МБ, 2 х DDR5-5600 МГц, AMD Radeon Graphics, TDP 65 Вт]"
388,2,Intel Core i9-11900 BOX,"[LGA 1200, 8 x 2.5 ГГц, L2 - 4 МБ, L3 - 16 МБ, 2 х DDR4-3200 МГц, Intel UHD Graphics 750, TDP 65 Вт, кулер]"
389,2,Intel Core i7-14700K OEM,"[LGA 1700, 8P x 3.4 ГГц, 12E x 2.5 ГГц, L2 - 28 МБ, L3 - 33 МБ, 2 х DDR4, DDR5-5600 МГц, Intel UHD Graphics 770, TDP 253 Вт]"
390,2,Intel Core i7-14700 BOX,"[LGA 1700, 8P x 2.1 ГГц, 12E x 1.5 ГГц, L2 - 28 МБ, L3 - 33 МБ, 2 х DDR4, DDR5-5600 МГц, Intel UHD Graphics 770, TDP 219 Вт, кулер]"
391,2,AMD Ryzen 9 5950X BOX,"[AM4, 16 x 3.4 ГГц, L2 - 8 МБ, L3 - 64 МБ, 2 х DDR4-3200 МГц, TDP 105 Вт]"
392,2,Intel Core i7-13790F BOX,"[LGA 1700, 8P x 2.1 ГГц, 8E x 1.5 ГГц, L2 - 24 МБ, L3 - 33 МБ, 2 х DDR4, DDR5-5600 МГц, TDP 219 Вт]"
393,2,AMD Ryzen 9 5950X BOX,"[AM4, 16 x 3.4 ГГц, L2 - 8 МБ, L3 - 64 МБ, 2 х DDR4-3200 МГц, TDP 105 Вт]"
394,2,Intel Core i7-13790F OEM,"[LGA 1700, 8P x 2.1 ГГц, 8E x 1.5 ГГц, L2 - 24 МБ, L3 - 33 МБ, 2 х DDR4, DDR5-5600 МГц, TDP 219 Вт]"
395,2,Intel Core i7-13700 BOX,"[LGA 1700, 8P x 2.1 ГГц, 8E x 1.5 ГГц, L2 - 24 МБ, L3 - 30 МБ, 2 х DDR4, DDR5-5600 МГц, Intel UHD Graphics 770, TDP 219 Вт]"
396,2,Intel Core Ultra 7 265KF OEM,"[LGA 1851, 8P x 3.9 ГГц, 12E x 3.3 ГГц, L2 - 36 МБ, L3 - 30 МБ, 2 х DDR5-6400 МГц, TDP 250 Вт]"
397,2,Intel Core i7-12700T OEM,"[LGA 1700, 8P x 1.4 ГГц, 4E x 1 ГГц, L2 - 12 МБ, L3 - 25 МБ, 2 х DDR4, DDR5-4800 МГц, Intel UHD Graphics 770, TDP 99 Вт]"
398,2,AMD Ryzen 9 7900X BOX,"[AM5, 12 x 4.7 ГГц, L2 - 12 МБ, L3 - 64 МБ, 2 х DDR5-5200 МГц, AMD Radeon Graphics, TDP 170 Вт]"
399,2,Intel Core i9-13900KF OEM,"[LGA 1700, 8P x 3 ГГц, 16E x 2.2 ГГц, L2 - 32 МБ, L3 - 36 МБ, 2 х DDR4, DDR5-5600 МГц, TDP 253 Вт]"
400,2,Intel Core i9-12900 OEM,"[LGA 1700, 8P x 2.4 ГГц, 8E x 1.8 ГГц, L2 - 14 МБ, L3 - 30 МБ, 2 х DDR4, DDR5-4800 МГц, Intel UHD Graphics 770, TDP 202 Вт]"
401,2,Intel Core Ultra 7 265 OEM,"[LGA 1851, 8P x 2.4 ГГц, 12E x 1.8 ГГц, L2 - 36 МБ, L3 - 30 МБ, 2 х DDR5-6400 МГц, Intel Graphics, TDP 182 Вт]"
402,2,AMD Ryzen 7 9700X BOX,"[AM5, 8 x 3.8 ГГц, L2 - 8 МБ, L3 - 32 МБ, 2 х DDR5-5600 МГц, AMD Radeon Graphics, TDP 65 Вт]"
403,2,AMD Ryzen 9 5900XT BOX,"[AM4, 16 x 3.3 ГГц, L2 - 8 МБ, L3 - 64 МБ, 2 х DDR4-3200 МГц, TDP 105 Вт]"
404,2,Intel Core i9-13900K OEM,"[LGA 1700, 8P x 3 ГГц, 16E x 2.2 ГГц, L2 - 32 МБ, L3 - 36 МБ, 2 х DDR4, DDR5-5600 МГц, Intel UHD Graphics 770, TDP 253 Вт]"
405,2,Intel Core Ultra 7 265K OEM,"[LGA 1851, 8P x 3.9 ГГц, 12E x 3.3 ГГц, L2 - 36 МБ, L3 - 30 МБ, 2 х DDR5-6400 МГц, Intel Graphics, TDP 250 Вт]"
406,2,AMD Ryzen 9 7900 BOX,"[AM5, 12 x 3.7 ГГц, L2 - 12 МБ, L3 - 64 МБ, 2 х DDR5-5200 МГц, AMD Radeon Graphics, TDP 65 Вт, кулер]"
407,2,Intel Core i7-14790F OEM,"[LGA 1700, 8P x 2.1 ГГц, 8E x 1.5 ГГц, L2 - 24 МБ, L3 - 36 МБ, 2 х DDR4, DDR5-5600 МГц, TDP 219 Вт]"
408,2,Intel Core i7-14700K BOX,"[LGA 1700, 8P x 3.4 ГГц, 12E x 2.5 ГГц, L2 - 28 МБ, L3 - 33 МБ, 2 х DDR4, DDR5-5600 МГц, Intel UHD Graphics 770, TDP 253 Вт]"
409,2,AMD Ryzen 9 7900X BOX,"[AM5, 12 x 4.7 ГГц, L2 - 12 МБ, L3 - 64 МБ, 2 х DDR5-5200 МГц, AMD Radeon Graphics, TDP 170 Вт]"
410,2,AMD Ryzen 7 7800X3D OEM,"[AM5, 8 x 4.2 ГГц, L2 - 8 МБ, L3 - 96 МБ, 2 х DDR5-5200 МГц, AMD Radeon Graphics, TDP 120 Вт]"
411,2,Intel Core i7-14790F BOX,"[LGA 1700, 8P x 2.1 ГГц, 8E x 1.5 ГГц, L2 - 24 МБ, L3 - 36 МБ, 2 х DDR4, DDR5-5600 МГц, TDP 219 Вт, кулер]"
412,2,Intel Core i9-13900F OEM,"[LGA 1700, 8P x 2 ГГц, 16E x 1.5 ГГц, L2 - 32 МБ, L3 - 36 МБ, 2 х DDR4, DDR5-5600 МГц, TDP 219 Вт]"
413,2,Intel Core Ultra 7 265KF BOX,"[LGA 1851, 8P x 3.9 ГГц, 12E x 3.3 ГГц, L2 - 36 МБ, L3 - 30 МБ, 2 х DDR5-6400 МГц, TDP 250 Вт]"
414,2,AMD Ryzen 9 9900X OEM,"[AM5, 12 x 4.4 ГГц, L2 - 12 МБ, L3 - 64 МБ, 2 х DDR5-5600 МГц, AMD Radeon Graphics, TDP 120 Вт]"
415,2,Intel Core i9-12900KS OEM,"[LGA 1700, 8P x 3.4 ГГц, 8E x 2.5 ГГц, L2 - 14 МБ, L3 - 30 МБ, 2 х DDR4, DDR5-4800 МГц, Intel UHD Graphics 770, TDP 241 Вт]"
416,2,Intel Core i9-14900KF OEM,"[LGA 1700, 8P x 3.2 ГГц, 16E x 2.4 ГГц, L2 - 32 МБ, L3 - 36 МБ, 2 х DDR4, DDR5-5600 МГц, TDP 253 Вт]"
417,2,Intel Core i9-12900KS BOX,"[LGA 1700, 8P x 3.4 ГГц, 8E x 2.5 ГГц, L2 - 14 МБ, L3 - 30 МБ, 2 х DDR4, DDR5-4800 МГц, Intel UHD Graphics 770, TDP 241 Вт]"
418,2,Intel Core i9-12900KS BOX,"[LGA 1700, 8P x 3.4 ГГц, 8E x 2.5 ГГц, L2 - 14 МБ, L3 - 30 МБ, 2 х DDR4, DDR5-4800 МГц, Intel UHD Graphics 770, TDP 241 Вт]"
419,2,Intel Core Ultra 7 265K BOX,"[LGA 1851, 8P x 3.9 ГГц, 12E x 3.3 ГГц, L2 - 36 МБ, L3 - 30 МБ, 2 х DDR5-6400 МГц, Intel Graphics, TDP 250 Вт]"
420,2,Intel Core Ultra 7 265K BOX,"[LGA 1851, 8P x 3.9 ГГц, 12E x 3.3 ГГц, L2 - 36 МБ, L3 - 30 МБ, 2 х DDR5-6400 МГц, Intel Graphics, TDP 250 Вт]"
421,2,Intel Core i9-13900F BOX,"[LGA 1700, 8P x 2 ГГц, 16E x 1.5 ГГц, L2 - 32 МБ, L3 - 36 МБ, 2 х DDR4, DDR5-5600 МГц, TDP 219 Вт, кулер]"
422,2,Intel Core i9-14900K OEM,"[LGA 1700, 8P x 3.2 ГГц, 16E x 2.4 ГГц, L2 - 32 МБ, L3 - 36 МБ, 2 х DDR4, DDR5-5600 МГц, Intel UHD Graphics 770, TDP 253 Вт]"
423,2,AMD Ryzen 9 7950X OEM,"[AM5, 16 x 4.5 ГГц, L2 - 16 МБ, L3 - 64 МБ, 2 х DDR5-5200 МГц, AMD Radeon Graphics, TDP 170 Вт]"
424,2,AMD Ryzen 9 9900X BOX,"[AM5, 12 x 4.4 ГГц, L2 - 12 МБ, L3 - 64 МБ, 2 х DDR5-5600 МГц, AMD Radeon Graphics, TDP 120 Вт]"
425,2,AMD Ryzen 9 9900X BOX,"[AM5, 12 x 4.4 ГГц, L2 - 12 МБ, L3 - 64 МБ, 2 х DDR5-5600 МГц, AMD Radeon Graphics, TDP 120 Вт]"
426,2,Intel Core i9-13900 OEM,"[LGA 1700, 8P x 2 ГГц, 16E x 1.5 ГГц, L2 - 32 МБ, L3 - 36 МБ, 2 х DDR4, DDR5-5600 МГц, Intel UHD Graphics 770, TDP 219 Вт]"
427,2,AMD Ryzen 7 7800X3D BOX,"[AM5, 8 x 4.2 ГГц, L2 - 8 МБ, L3 - 96 МБ, 2 х DDR5-5200 МГц, AMD Radeon Graphics, TDP 120 Вт]"
428,2,Intel Core i9-13900KF BOX,"[LGA 1700, 8P x 3 ГГц, 16E x 2.2 ГГц, L2 - 32 МБ, L3 - 36 МБ, 2 х DDR4, DDR5-5600 МГц, TDP 253 Вт]"
429,2,Intel Core i9-14900KF BOX,"[LGA 1700, 8P x 3.2 ГГц, 16E x 2.4 ГГц, L2 - 32 МБ, L3 - 36 МБ, 2 х DDR4, DDR5-5600 МГц, TDP 253 Вт]"
430,2,Intel Core i9-13900K BOX,"[LGA 1700, 8P x 3 ГГц, 16E x 2.2 ГГц, L2 - 32 МБ, L3 - 36 МБ, 2 х DDR4, DDR5-5600 МГц, Intel UHD Graphics 770, TDP 253 Вт]"
431,2,AMD Ryzen 7 7800X3D BOX,"[AM5, 8 x 4.2 ГГц, L2 - 8 МБ, L3 - 96 МБ, 2 х DDR5-5200 МГц, AMD Radeon Graphics, TDP 120 Вт]"
432,2,AMD Ryzen 9 7950X BOX,"[AM5, 16 x 4.5 ГГц, L2 - 16 МБ, L3 - 64 МБ, 2 х DDR5-5200 МГц, AMD Radeon Graphics, TDP 170 Вт]"
433,2,AMD Ryzen 9 7950X BOX,"[AM5, 16 x 4.5 ГГц, L2 - 16 МБ, L3 - 64 МБ, 2 х DDR5-5200 МГц, AMD Radeon Graphics, TDP 170 Вт]"
434,2,Intel Core i9-14900K BOX,"[LGA 1700, 8P x 3.2 ГГц, 16E x 2.4 ГГц, L2 - 32 МБ, L3 - 36 МБ, 2 х DDR4, DDR5-5600 МГц, Intel UHD Graphics 770, TDP 253 Вт]"
435,2,AMD Ryzen 7 9800X3D OEM,"[AM5, 8 x 4.7 ГГц, L2 - 8 МБ, L3 - 96 МБ, 2 х DDR5-5600 МГц, AMD Radeon Graphics, TDP 120 Вт]"
436,2,Intel Core i9-14900F OEM,"[LGA 1700, 8P x 2 ГГц, 16E x 1.5 ГГц, L2 - 32 МБ, L3 - 36 МБ, 2 х DDR4, DDR5-5600 МГц, TDP 219 Вт]"
437,2,AMD Ryzen 9 9950X OEM,"[AM5, 16 x 4.3 ГГц, L2 - 16 МБ, L3 - 64 МБ, 2 х DDR5-5600 МГц, AMD Radeon Graphics, TDP 170 Вт]"
438,2,Intel Core i9-14900 OEM,"[LGA 1700, 8P x 2 ГГц, 16E x 1.5 ГГц, L2 - 32 МБ, L3 - 36 МБ, 2 х DDR4, DDR5-5600 МГц, Intel UHD Graphics 770, TDP 219 Вт]"
439,2,Intel Core Ultra 9 285 OEM,"[LGA 1851, 8P x 2.5 ГГц, 16E x 1.9 ГГц, L2 - 40 МБ, L3 - 36 МБ, 2 х DDR5-6400 МГц, Intel Graphics, TDP 182 Вт]"
440,2,AMD Ryzen 7 9800X3D BOX,"[AM5, 8 x 4.7 ГГц, L2 - 8 МБ, L3 - 96 МБ, 2 х DDR5-5600 МГц, AMD Radeon Graphics, TDP 120 Вт]"
441,2,Intel Core Ultra 9 285K OEM,"[LGA 1851, 8P x 3.7 ГГц, 16E x 3.2 ГГц, L2 - 40 МБ, L3 - 36 МБ, 2 х DDR5-6400 МГц, Intel Graphics, TDP 250 Вт]"
442,2,AMD Ryzen 7 9800X3D BOX,"[AM5, 8 x 4.7 ГГц, L2 - 8 МБ, L3 - 96 МБ, 2 х DDR5-5600 МГц, AMD Radeon Graphics, TDP 120 Вт]"
443,2,Intel Core i9-13900KS OEM,"[LGA 1700, 8P x 3.2 ГГц, 16E x 2.4 ГГц, L2 - 32 МБ, L3 - 36 МБ, 2 х DDR4, DDR5-5600 МГц, Intel UHD Graphics 770, TDP 253 Вт]"
